id,symbol,direction,opened_at,closed_at,entry,exit,stop,final_stop,take_profit,lots,pnl,r,reason,poi_tf,confirmation,confirmation_tf,planned_rr,tp_source,touched_at,confirmed_at,confirmed_close_at,bias_mode,bias_combo,bias_aligned,bias_by_tf,entry_planned,rr_at_fill,lots_planned,poi_x,poi_b_low,poi_b_high,poi_p,stop_p,stop_tf,stop_p_open,stop_p_close,stop_basis,poi_formed,visit,risk_amount,risk_budget,poi_low,poi_high,kronos
P1,EURUSD,SHORT,2025-10-07 08:00:00,2025-10-09 16:05:00,1.16866,1.1574,1.17307,1.17307,1.1574,2.21,2488.4600000000105,2.5532879818594068,take_profit,1D,BS,1H,2.5,1D origin low 1.15740 (31 candles up to the zone's P),2025-09-30 17:20:00,2025-10-07 07:00:00,2025-10-07 08:00:00,full,1M+1W+1D,1M+1W+1D+1H,1M=bearish 1W=bearish 1D=bearish 4H=bullish 1H=bearish,1.16866,2.5532879818594068,2.21,1.17262,1.1754,1.1779,1.18194,1.17307,1H,,,"the high since price last entered the zone, on the 1H (stop_basis=confirmation)",2025-09-24 21:00:00,1,974.6100000000055,1000.0,1.17262,1.18194,
P2,EURUSD,SHORT,2025-10-13 11:25:00,2025-10-13 15:55:00,1.15816,1.1559,1.1598,1.1598,1.1559,5.89,1331.1400000000885,1.3780487804880113,take_profit,1H,BS,5m,1.3,1H origin low 1.15590 (31 candles up to the zone's P),2025-10-13 10:02:00,2025-10-13 11:20:00,2025-10-13 11:25:00,full,1M+1D+1H,1M+1D+1H,1M=bearish 1W=bullish 1D=bearish 4H=bullish 1H=bearish,1.15816,1.3780487804880113,5.89,1.15918,1.16047,1.16106,1.16158,1.1598,5m,,,"the high since price last entered the zone, on the 5m (stop_basis=confirmation)",2025-10-13 09:00:00,1,965.9599999999198,1024.8846,1.15918,1.16158,
P3,EURUSD,SHORT,2025-10-14 13:00:00,2025-10-14 13:10:00,1.15518,1.15598,1.15598,1.15598,1.15463,11.53,-922.3999999998983,-1.0,stop,1H,BS,5m,0.61,15m sell-side liquidity 1.15463 (x1),2025-10-14 09:03:00,2025-10-14 12:55:00,2025-10-14 13:00:00,full,1M+1D+1H,1M+1D+4H+1H,1M=bearish 1W=bullish 1D=bearish 4H=bearish 1H=bearish,1.15518,0.6875000000001388,11.53,1.15549,1.15744,1.15823,1.15894,1.15582,5m,,,"the high since price last entered the zone, on the 5m (stop_basis=confirmation)",2025-10-14 08:00:00,1,922.3999999998983,1038.1960000000008,1.15549,1.15894,
P4,EURUSD,SHORT,2025-11-04 14:00:00,2025-11-04 14:35:00,1.14922,1.14768,1.15099,1.15099,1.14768,5.5,846.9999999999312,0.8700564971750463,take_profit,1H,BS,5m,0.82,15m sell-side liquidity 1.14768 (x1),2025-11-04 10:04:00,2025-11-04 13:55:00,2025-11-04 14:00:00,full,1M+1W+1D,1M+1W+1D+4H+1H,1M=bearish 1W=bearish 1D=bearish 4H=bearish 1H=bearish,1.14922,0.8700564971750463,5.5,1.15073,1.1517,1.15223,1.15287,1.15099,5m,,,"the high since price last entered the zone, on the 5m (stop_basis=confirmation)",2025-11-04 09:00:00,1,973.5000000000272,1028.972000000002,1.15073,1.15287,
P5,EURUSD,LONG,2025-11-13 12:25:00,2025-11-13 13:00:00,1.16155,1.16234,1.16046,1.16046,1.16234,8.71,688.0899999998662,0.7247706422016704,take_profit,1H,BS,5m,0.82,15m buy-side liquidity 1.16234 (x2),2025-11-13 11:47:00,2025-11-13 12:20:00,2025-11-13 12:25:00,scalp,1D+4H+1H,1D+4H+1H,1M=bearish 1W=bearish 1D=bullish 4H=bullish 1H=bullish,1.16145,0.7247706422016704,9.51,1.15928,1.15856,1.161,1.1583,1.16046,5m,,,"the low since price last entered the zone, on the 5m (stop_basis=confirmation)",2025-11-13 08:00:00,1,949.3900000000309,1037.4420000000014,1.1583,1.161,
P6,EURUSD,LONG,2025-11-14 14:35:00,2025-11-14 14:40:00,1.1637,1.1628,1.1628,1.1628,1.16559,10.44,-939.5999999998965,-1.0,stop,1H,BS,5m,2.21,1H origin high 1.16559 (31 candles up to the zone's P),2025-11-14 14:00:00,2025-11-14 14:30:00,2025-11-14 14:35:00,scalp,1D+4H+1H,1D+4H+1H,1M=bearish 1W=bearish 1D=bullish 4H=bullish 1H=bullish,1.1636,2.100000000000173,11.6,1.16485,1.16196,1.16336,1.16168,1.16285,5m,,,"the low since price last entered the zone, on the 5m (stop_basis=confirmation)",2025-11-14 13:00:00,1,939.5999999998965,1044.3229,1.16168,1.16485,
P7,EURUSD,SHORT,2025-11-21 09:15:00,2025-11-21 09:55:00,1.1536,1.15259,1.15524,1.15524,1.15259,5.94,599.9399999999736,0.615853658536526,take_profit,4H,BS,15m,0.58,4H origin low 1.15259 (31 candles up to the zone's P),2025-11-19 23:00:00,2025-11-21 09:00:00,2025-11-21 09:15:00,full,1M+1W+1D,1M+1W+1D+4H+1H,1M=bearish 1W=bearish 1D=bearish 4H=bearish 1H=bearish,1.1536,0.615853658536526,5.94,1.15713,1.15388,1.15675,1.15737,1.15524,15m,,,"the high since price last entered the zone, on the 15m (stop_basis=confirmation)",2025-11-19 18:00:00,1,974.160000000051,1034.926900000001,1.15388,1.15737,
P8,EURUSD,SHORT,2025-11-27 08:10:00,2025-11-27 08:30:00,1.1588,1.1596,1.1596,1.1596,1.1547,11.56,-924.7999999998982,-1.0,stop,1H,BS,5m,4.56,1H origin low 1.15470 (31 candles up to the zone's P),2025-11-27 08:02:00,2025-11-27 08:05:00,2025-11-27 08:10:00,full,1M+1W+1D,1M+1W+1D+1H,1M=bearish 1W=bearish 1D=bearish 4H=bullish 1H=bearish,1.1588,5.125000000000555,11.56,1.15998,1.15936,1.16006,1.16053,1.15942,5m,,,"the high since price last entered the zone, on the 5m (stop_basis=confirmation)",2025-11-27 07:00:00,1,924.7999999998982,1040.9263000000008,1.15936,1.16053,
P9,EURUSD,LONG,2025-12-04 13:00:00,2025-12-04 13:30:00,1.16709,1.16619,1.16619,1.16619,1.16775,10.31,-927.8999999998978,-1.0,stop,1H,BS,5m,0.84,1H origin high 1.16775 (31 candles up to the zone's P),2025-12-04 09:00:00,2025-12-04 12:55:00,2025-12-04 13:00:00,scalp,1D+4H+1H,1D+4H+1H,1M=bearish 1W=bearish 1D=bullish 4H=bullish 1H=bullish,1.16699,0.7333333333335307,11.46,1.16752,1.16597,1.16632,1.16553,1.16653,5m,,,"the low since price last entered the zone, on the 5m (stop_basis=confirmation)",2025-12-04 08:00:00,1,927.8999999998978,1031.6783000000019,1.16553,1.16752,
P10,EURUSD,SHORT,2025-12-17 08:45:00,2025-12-17 10:50:00,1.17154,1.17234,1.17234,1.17234,1.17062,11.35,-907.9999999999,-1.0,stop,1H,BS,5m,1.02,1H origin low 1.17062 (31 candles up to the zone's P),2025-12-17 08:00:00,2025-12-17 08:40:00,2025-12-17 08:45:00,full,1M+1W+1D,1M+1W+1D+4H+1H,1M=bearish 1W=bearish 1D=bearish 4H=bearish 1H=bearish,1.17154,1.1500000000001664,11.35,1.17264,1.17133,1.17247,1.17304,1.17209,5m,,,"the high since price last entered the zone, on the 5m (stop_basis=confirmation)",2025-12-17 07:00:00,1,907.9999999999,1022.3993000000029,1.17133,1.17304,
P11,EURUSD,SHORT,2025-12-17 13:40:00,2025-12-17 13:50:00,1.17223,1.17327,1.17327,1.17327,1.17077,8.88,-923.5199999999378,-1.0,stop,1H,BS,5m,1.28,15m sell-side liquidity 1.17077 (x1),2025-12-17 13:19:00,2025-12-17 13:35:00,2025-12-17 13:40:00,full,1M+1W+1D,1M+1W+1D+4H+1H,1M=bearish 1W=bearish 1D=bearish 4H=bearish 1H=bearish,1.17223,1.4038461538462648,8.88,1.1735,1.17306,1.17369,1.17397,1.17327,5m,,,"the high since price last entered the zone, on the 5m (stop_basis=confirmation)",2025-12-17 05:00:00,1,923.5199999999378,1013.3193000000039,1.17306,1.17397,
P12,EURUSD,SHORT,2026-01-07 14:25:00,2026-01-07 14:45:00,1.16871,1.16951,1.16951,1.16951,1.16784,11.15,-892.0000000001493,-1.0,stop,1H,BS,5m,0.97,1H origin low 1.16784 (31 candles up to the zone's P),2026-01-07 09:00:00,2026-01-07 14:20:00,2026-01-07 14:25:00,full,1M+1W+1D,1M+1W+1D+1H,1M=bearish 1W=bearish 1D=bearish 4H=bullish 1H=bearish,1.16871,1.087499999999726,11.15,1.16837,1.16873,1.16919,1.16987,1.16946,5m,,,"the high since price last entered the zone, on the 5m (stop_basis=confirmation)",2026-01-07 08:00:00,1,892.0000000001493,1004.0841000000046,1.16837,1.16987,
P13,EURUSD,SHORT,2026-01-08 15:45:00,2026-01-08 16:15:00,1.16676,1.16581,1.16756,1.16756,1.16581,11.05,1049.750000000007,1.1875000000001388,take_profit,1H,BS,5m,1.06,1H origin low 1.16581 (31 candles up to the zone's P),2026-01-08 15:11:00,2026-01-08 15:40:00,2026-01-08 15:45:00,full,1M+1W+1D,1M+1W+1D+4H+1H,1M=bearish 1W=bearish 1D=bearish 4H=bearish 1H=bearish,1.16676,1.1875000000001388,11.05,1.16687,1.16664,1.16697,1.16777,1.16737,5m,,,"the high since price last entered the zone, on the 5m (stop_basis=confirmation)",2026-01-08 14:00:00,1,883.9999999999027,995.1641000000031,1.16664,1.16777,
P14,EURUSD,LONG,2026-01-21 08:50:00,2026-01-21 09:55:00,1.1711799999999999,1.17028,1.17028,1.17028,1.17219,10.05,-904.4999999999004,-1.0,stop,1H,BS,5m,1.23,1H origin high 1.17219 (31 candles up to the zone's P),2026-01-20 10:21:00,2026-01-21 08:45:00,2026-01-21 08:50:00,scalp,1D+4H+1H,1D+4H+1H,1M=bearish 1W=bearish 1D=bullish 4H=bullish 1H=bullish,1.17108,1.1222222222225429,11.17,1.16985,1.16936,1.17154,1.16873,1.17049,5m,,,"the low since price last entered the zone, on the 5m (stop_basis=confirmation)",2026-01-20 09:00:00,1,904.4999999999004,1005.6616000000031,1.16873,1.17154,
P15,EURUSD,LONG,2026-01-21 15:35:00,2026-01-21 15:50:00,1.17165,1.17045,1.17045,1.17045,1.17688,7.66,-919.2000000000688,-1.0,stop,1H,BS,5m,4.44,1H origin high 1.17688 (31 candles up to the zone's P),2026-01-21 14:05:00,2026-01-21 15:30:00,2026-01-21 15:35:00,scalp,1D+4H+1H,1D+4H+1H,1M=bearish 1W=bearish 1D=bullish 4H=bullish 1H=bullish,1.17155,4.358333333332879,8.3,1.17253,1.17084,1.17119,1.17039,1.17045,5m,,,"the low since price last entered the zone, on the 5m (stop_basis=confirmation)",2026-01-21 12:00:00,1,919.2000000000688,996.6166000000042,1.17039,1.17253,
P16,EURUSD,LONG,2026-01-26 14:05:00,2026-01-26 14:30:00,1.1855,1.18697,1.18347,1.18347,1.18697,4.63,680.6100000000381,0.7241379310345318,take_profit,4H,BS,15m,0.63,1H buy-side liquidity 1.18697 (x2),2026-01-26 07:46:00,2026-01-26 13:45:00,2026-01-26 14:00:00,scalp,1D+4H+1H,1W+1D+4H+1H,1M=bearish 1W=bullish 1D=bullish 4H=bullish 1H=bullish,1.18558,0.7241379310345318,4.46,1.17966,1.17988,1.18443,1.17772,1.18347,15m,,,"the low since price last entered the zone, on the 15m (stop_basis=confirmation)",2026-01-25 22:00:00,1,939.889999999989,987.4246000000035,1.17772,1.18443,
P17,EURUSD,SHORT,2026-02-05 08:50:00,2026-02-05 09:50:00,1.17956,1.17847,1.18088,1.18088,1.17847,7.0,763.0000000000248,0.8257575757576102,take_profit,1H,BS,5m,0.77,1H origin low 1.17847 (31 candles up to the zone's P),2026-02-05 04:28:00,2026-02-05 08:45:00,2026-02-05 08:50:00,full,1M+1D+1H,1M+1D+4H+1H,1M=bearish 1W=bullish 1D=bearish 4H=bearish 1H=bearish,1.17956,0.8257575757576102,7.0,1.17903,1.17909,1.18019,1.18053,1.18088,5m,,,"the high since price last entered the zone, on the 5m (stop_basis=confirmation)",2026-02-05 03:00:00,1,923.9999999999915,994.2307000000038,1.17903,1.18053,
P18,EURUSD,SHORT,2026-02-23 09:55:00,2026-02-23 12:20:00,1.18007,1.17772,1.18338,1.18338,1.17772,2.93,688.5499999999568,0.7099697885195615,take_profit,1H,BS,5m,0.69,15m sell-side liquidity 1.17772 (x2),2026-02-22 23:51:00,2026-02-23 09:50:00,2026-02-23 09:55:00,full,1M+1D+1H,1M+1D+1H,1M=bearish 1W=bullish 1D=bearish 4H=bullish 1H=bearish,1.18007,0.7099697885195615,2.93,1.18284,1.18277,1.18334,1.18485,1.18338,5m,,,"the high since price last entered the zone, on the 5m (stop_basis=confirmation)",2026-02-18 14:00:00,1,969.8300000000427,1001.8607000000042,1.18277,1.18485,
P19,EURUSD,SHORT,2026-03-18 08:00:00,2026-03-18 11:10:00,1.15263,1.15492,1.15492,1.15492,1.15072,4.22,-966.3799999999592,-1.0,stop,1D,BS,1H,0.8,1D origin low 1.15072 (31 candles up to the zone's P),2026-03-17 13:01:00,2026-03-18 07:00:00,2026-03-18 08:00:00,full,1M+1W+1D,1M+1W+1D+1H,1M=bearish 1W=bearish 1D=bearish 4H=bullish 1H=bearish,1.15263,0.8340611353712485,4.22,1.15303,1.15298,1.15608,1.15745,1.15492,1H,,,"the high since price last entered the zone, on the 1H (stop_basis=confirmation)",2026-03-12 21:00:00,1,966.3799999999592,1008.7462000000037,1.15298,1.15745,
P20,EURUSD,SHORT,2026-03-18 14:25:00,2026-03-18 15:05:00,1.15072,1.15273,1.15273,1.15273,1.14658,4.73,-950.730000000032,-1.0,stop,1H,BS,5m,1.96,1H origin low 1.14658 (31 candles up to the zone's P),2026-03-18 14:00:00,2026-03-18 14:20:00,2026-03-18 14:25:00,full,1M+1W+1D,1M+1W+1D+4H+1H,1M=bearish 1W=bearish 1D=bearish 4H=bearish 1H=bearish,1.15072,2.0597014925372608,4.73,1.15176,1.15155,1.15299,1.15481,1.15273,5m,,,"the high since price last entered the zone, on the 5m (stop_basis=confirmation)",2026-03-18 13:00:00,1,950.730000000032,999.0824000000041,1.15155,1.15481,
P21,EURUSD,SHORT,2026-03-19 08:45:00,2026-03-19 13:00:00,1.14459,1.14912,1.14912,1.14912,1.1411,2.13,-964.8899999999835,-1.0,stop,1H,BS,5m,0.75,1D sell-side liquidity 1.14110 (x1),2026-03-19 01:37:00,2026-03-19 08:40:00,2026-03-19 08:45:00,full,1M+1W+1D,1M+1W+1D+4H+1H,1M=bearish 1W=bearish 1D=bearish 4H=bearish 1H=bearish,1.14459,0.7704194260485767,2.13,1.14905,1.14824,1.15026,1.15249,1.14912,5m,,,"the high since price last entered the zone, on the 5m (stop_basis=confirmation)",2026-03-18 19:00:00,1,964.8899999999835,989.5751000000039,1.14824,1.15249,
P22,EURUSD,LONG,2026-04-03 07:00:00,2026-04-03 13:30:00,1.15389,1.152,1.152,1.152,1.16305,4.92,-929.8800000000833,-1.0,stop,4H,BS,15m,4.9,4H origin high 1.16305 (31 candles up to the zone's P),2026-04-02 07:12:00,2026-04-03 06:45:00,2026-04-03 07:00:00,full,1M+1D+1H,1M+1D+1H,1M=bullish 1W=bearish 1D=bullish 4H=bearish 1H=bullish,1.15379,4.846560846560325,5.18,1.15211,1.14742,1.14869,1.14574,1.152,15m,,,"the low since price last entered the zone, on the 15m (stop_basis=confirmation)",2026-03-31 17:00:00,1,929.8800000000833,979.926200000004,1.14574,1.15211,
P23,EURUSD,LONG,2026-04-07 08:25:00,2026-04-07 09:45:00,1.15446,1.15686,1.15239,1.15239,1.15686,4.47,1072.799999999981,1.159420289855043,take_profit,1H,BS,5m,1.21,1H origin high 1.15686 (31 candles up to the zone's P),2026-04-06 10:15:00,2026-04-07 08:20:00,2026-04-07 08:25:00,full,1M+1D+1H,1M+1D+4H+1H,1M=bullish 1W=bearish 1D=bullish 4H=bullish 1H=bullish,1.15436,1.159420289855043,4.68,1.15489,1.15374,1.15536,1.15252,1.15239,5m,,,"the low since price last entered the zone, on the 5m (stop_basis=confirmation)",2026-04-06 09:00:00,1,925.2900000000072,970.6274000000033,1.15252,1.15536,
P24,EURUSD,LONG,2026-04-07 13:20:00,2026-04-07 15:30:00,1.15609,1.15756,1.15456,1.15456,1.15756,6.02,884.9399999999158,0.9607843137253792,take_profit,1H,BS,5m,1.03,1H origin high 1.15756 (31 candles up to the zone's P),2026-04-07 11:00:00,2026-04-07 13:15:00,2026-04-07 13:20:00,full,1M+1D+1H,1M+1D+1H,1M=bullish 1W=bearish 1D=bullish 4H=bearish 1H=bullish,1.15599,0.9607843137253792,6.41,1.15474,1.1546,1.15621,1.15419,1.15456,5m,,,"the low since price last entered the zone, on the 5m (stop_basis=confirmation)",2026-04-07 10:00:00,1,921.0600000000187,981.355400000003,1.15419,1.15621,
P25,EURUSD,LONG,2026-04-13 07:05:00,2026-04-13 17:45:00,1.16914,1.17307,1.16638,1.16638,1.17307,3.46,1359.7799999999963,1.4239130434782075,take_profit,1H,BS,5m,1.46,15m buy-side liquidity 1.17307 (x1),2026-04-08 19:39:00,2026-04-13 07:00:00,2026-04-13 07:05:00,full,1M+1D+1H,1M+1D+1H,1M=bullish 1W=bearish 1D=bullish 4H=bearish 1H=bullish,1.16904,1.4239130434782075,3.58,1.16055,1.16002,1.16611,1.15877,1.16638,5m,,,"the low since price last entered the zone, on the 5m (stop_basis=confirmation)",2026-04-08 00:00:00,1,954.960000000033,990.2048000000021,1.15877,1.16611,
P26,EURUSD,SHORT,2026-04-20 13:15:00,2026-04-20 14:30:00,1.17574,1.17754,1.17754,1.17754,1.16638,5.28,-950.4000000000126,-1.0,stop,4H,BS,15m,4.93,4H origin low 1.16638 (31 candles up to the zone's P),2026-04-20 08:21:00,2026-04-20 13:00:00,2026-04-20 13:15:00,scalp,1D+4H+1H,1D+4H+1H,1M=bullish 1W=bullish 1D=bearish 4H=bearish 1H=bearish,1.17574,5.19999999999995,5.28,1.1772,1.17718,1.17934,1.18047,1.17754,15m,,,"the high since price last entered the zone, on the 15m (stop_basis=confirmation)",2026-04-17 21:00:00,1,950.4000000000126,1003.8026000000021,1.17718,1.18047,
P27,EURUSD,SHORT,2026-04-20 14:55:00,2026-04-20 15:50:00,1.1776,1.17668,1.1784,1.1784,1.17668,11.04,1015.6800000000351,1.1500000000001664,take_profit,1H,BS,5m,1.02,1H origin low 1.17668 (31 candles up to the zone's P),2026-04-20 12:08:00,2026-04-20 14:50:00,2026-04-20 14:55:00,scalp,1D+4H+1H,1D+4H+1H,1M=bullish 1W=bullish 1D=bearish 4H=bearish 1H=bearish,1.1776,1.1500000000001664,11.04,1.1772,1.18047,1.18131,1.18165,1.17815,5m,,,"the high since price last entered the zone, on the 5m (stop_basis=confirmation)",2026-04-17 20:00:00,1,883.1999999999026,994.298600000002,1.1772,1.18165,
P28,EURUSD,SHORT,2026-04-21 13:30:00,2026-04-21 14:25:00,1.17602,1.17682,1.17682,1.17682,1.17469,11.16,-892.7999999999017,-1.0,stop,1H,BS,5m,1.48,1H origin low 1.17469 (31 candles up to the zone's P),2026-04-21 12:30:00,2026-04-21 13:25:00,2026-04-21 13:30:00,scalp,1D+4H+1H,1D+4H+1H,1M=bullish 1W=bullish 1D=bearish 4H=bearish 1H=bearish,1.17602,1.66250000000025,11.16,1.1773,1.17669,1.17718,1.17768,1.17682,5m,,,"the high since price last entered the zone, on the 5m (stop_basis=confirmation)",2026-04-21 09:00:00,1,892.7999999999017,1004.4554000000024,1.17669,1.17768,
P29,EURUSD,SHORT,2026-04-23 07:15:00,2026-04-23 08:05:00,1.17043,1.17123,1.17123,1.17123,1.16922,11.06,-884.7999999999026,-1.0,stop,1H,BS,5m,1.34,1H origin low 1.16922 (31 candles up to the zone's P),2026-04-23 06:02:00,2026-04-23 07:10:00,2026-04-23 07:15:00,scalp,1D+4H+1H,1D+4H+1H,1M=bullish 1W=bullish 1D=bearish 4H=bearish 1H=bearish,1.17043,1.5125000000003608,11.06,1.17029,1.17015,1.17076,1.17103,1.1708,5m,,,"the high since price last entered the zone, on the 5m (stop_basis=confirmation)",2026-04-23 04:00:00,1,884.7999999999026,995.5274000000034,1.17015,1.17103,
P30,EURUSD,SHORT,2026-04-24 07:25:00,2026-04-24 08:45:00,1.16785,1.16865,1.16865,1.16865,1.16691,10.96,-876.7999999999035,-1.0,stop,1H,BS,5m,1.04,1H origin low 1.16691 (31 candles up to the zone's P),2026-04-24 05:04:00,2026-04-24 07:20:00,2026-04-24 07:25:00,scalp,1D+4H+1H,1D+4H+1H,1M=bullish 1W=bullish 1D=bearish 4H=bearish 1H=bearish,1.16785,1.1750000000003331,10.96,1.16788,1.168,1.16821,1.16892,1.16831,5m,,,"the high since price last entered the zone, on the 5m (stop_basis=confirmation)",2026-04-24 04:00:00,1,876.7999999999035,986.6794000000044,1.16788,1.16892,
P31,EURUSD,SHORT,2026-04-28 14:50:00,2026-04-28 16:00:00,1.16987,1.17067,1.17067,1.17067,1.1687,10.86,-868.8000000001454,-1.0,stop,1H,BS,5m,1.3,1H origin low 1.16870 (31 candles up to the zone's P),2026-04-28 09:00:00,2026-04-28 14:45:00,2026-04-28 14:50:00,scalp,1D+4H+1H,1D+4H+1H,1M=bullish 1W=bullish 1D=bearish 4H=bearish 1H=bearish,1.16987,1.4624999999996218,10.86,1.16928,1.17007,1.17051,1.1708,1.17037,5m,,,"the high since price last entered the zone, on the 5m (stop_basis=confirmation)",2026-04-28 08:00:00,1,868.8000000001454,977.9114000000054,1.16928,1.1708,
P32,EURUSD,LONG,2026-04-30 14:30:00,2026-04-30 15:50:00,1.16926,1.17204,1.16817,1.16817,1.17204,8.14,2262.9200000000037,2.550458715596252,take_profit,1H,BS,5m,2.64,1H origin high 1.17204 (31 candles up to the zone's P),2026-04-30 11:14:00,2026-04-30 14:25:00,2026-04-30 14:30:00,full,1M+1W+1D,1M+1W+1D+4H+1H,1M=bullish 1W=bullish 1D=bullish 4H=bullish 1H=bullish,1.16916,2.550458715596252,8.89,1.16894,1.16645,1.16699,1.16577,1.16817,5m,,,"the low since price last entered the zone, on the 5m (stop_basis=confirmation)",2026-04-30 10:00:00,1,887.2600000000289,969.223400000004,1.16577,1.16894,
P33,EURUSD,SHORT,2026-05-04 07:40:00,2026-05-06 05:30:00,1.17319,1.17319,1.17399,1.17319,1.16732,11.02,-0.0,-0.0,breakeven,1H,BS,5m,6.52,1H origin low 1.16732 (31 candles up to the zone's P),2026-05-03 22:00:00,2026-05-04 07:35:00,2026-05-04 07:40:00,scalp,1D+4H+1H,1D+4H+1H,1M=bullish 1W=bullish 1D=bearish 4H=bearish 1H=bearish,1.17319,7.3374999999988235,11.02,1.17307,1.1757,1.17606,1.17707,1.17371,5m,,,"the high since price last entered the zone, on the 5m (stop_basis=confirmation)",2026-05-01 19:00:00,1,881.6000000001475,991.8526000000039,1.17307,1.17707,
P34,EURUSD,LONG,2026-05-11 11:35:00,2026-05-11 14:00:00,1.17703,1.17783,1.17613,1.17613,1.17783,9.91,792.7999999999126,0.8888888888886696,take_profit,1H,BS,5m,1.0,1H origin high 1.17783 (31 candles up to the zone's P),2026-05-08 14:00:00,2026-05-11 11:30:00,2026-05-11 11:35:00,full,1M+1W+1D,1M+1W+1D+4H+1H,1M=bullish 1W=bullish 1D=bullish 4H=bullish 1H=bullish,1.17693,0.8888888888886696,11.02,1.17734,1.17479,1.17632,1.17419,1.17646,5m,,,"the low since price last entered the zone, on the 5m (stop_basis=confirmation)",2026-05-08 13:00:00,1,891.9000000001218,991.8526000000039,1.17419,1.17734,
P35,EURUSD,SHORT,2026-05-19 11:40:00,2026-05-19 11:40:00,1.16207,1.16129,1.16287,1.16287,1.16129,11.1,865.8000000000031,0.9749999999998404,take_profit,1H,BS,5m,0.87,1H origin low 1.16129 (31 candles up to the zone's P),2026-05-19 11:10:00,2026-05-19 11:35:00,2026-05-19 11:40:00,scalp,1D+4H+1H,1D+4H+1H,1M=bullish 1W=bullish 1D=bearish 4H=bearish 1H=bearish,1.16207,0.9749999999998404,11.1,1.16261,1.16233,1.16299,1.16359,1.16266,5m,,,"the high since price last entered the zone, on the 5m (stop_basis=confirmation)",2026-05-19 10:00:00,1,888.0000000001486,999.780600000003,1.16233,1.16359,
P36,EURUSD,SHORT,2026-06-18 11:00:00,2026-06-19 04:55:00,1.14766,1.1443,1.15282,1.15282,1.1443,1.91,641.7599999999633,0.6511627906976304,take_profit,1H,BS,5m,0.64,1D sell-side liquidity 1.14430 (x2),2026-06-17 22:00:00,2026-06-18 10:55:00,2026-06-18 11:00:00,scalp,1D+4H+1H,1D+4H+1H,1M=bullish 1W=bullish 1D=bearish 4H=bearish 1H=bearish,1.14766,0.6511627906976304,1.91,1.14999,1.15054,1.15355,1.15418,1.15282,5m,,,"the high since price last entered the zone, on the 5m (stop_basis=confirmation)",2026-06-17 21:00:00,1,985.5600000000102,1008.438600000003,1.14999,1.15418,
P37,EURUSD,LONG,2026-07-07 14:20:00,2026-07-07 15:05:00,1.14354,1.14264,1.14264,1.14264,1.14727,10.14,-912.5999999998995,-1.0,stop,1H,BS,5m,4.26,1H origin high 1.14727 (31 candles up to the zone's P),2026-07-02 15:35:00,2026-07-07 14:15:00,2026-07-07 14:20:00,scalp,1D+4H+1H,1D+4H+1H,1M=bearish 1W=bearish 1D=bullish 4H=bullish 1H=bullish,1.14344,4.144444444444913,11.27,1.1421,1.14146,1.14385,1.13953,1.14302,5m,,,"the low since price last entered the zone, on the 5m (stop_basis=confirmation)",2026-07-02 14:00:00,1,912.5999999998995,1014.8562000000027,1.13953,1.14385,
P38,EURUSD,SHORT,2026-07-15 13:05:00,2026-07-15 13:30:00,1.14101,1.14197,1.14197,1.14197,1.13897,9.48,-910.0799999998578,-1.0,stop,4H,BS,15m,2.44,1H sell-side liquidity 1.13897 (x1),2026-06-26 13:56:00,2026-07-15 12:45:00,2026-07-15 13:00:00,full,1M+1W+1D,1M+1W+1D+1H,1M=bearish 1W=bearish 1D=bearish 4H=bullish 1H=bearish,1.14117,2.1250000000003757,11.17,1.14178,1.14333,1.14414,1.14618,1.14193,15m,,,"the high since price last entered the zone, on the 15m (stop_basis=confirmation)",2026-06-23 05:00:00,1,910.0799999998578,1005.7302000000037,1.14178,1.14618,
P39,EURUSD,LONG,2026-07-29 08:05:00,2026-07-29 11:45:00,1.13948,1.13858,1.13858,1.13858,1.14052,9.96,-896.4000000001225,-1.0,stop,1H,BS,5m,1.27,1H origin high 1.14052 (31 candles up to the zone's P),2026-07-29 07:20:00,2026-07-29 08:00:00,2026-07-29 08:05:00,scalp,1D+4H+1H,1D+4H+1H,1M=bearish 1W=bearish 1D=bullish 4H=bullish 1H=bullish,1.13938,1.1555555555553199,11.07,1.13923,1.13924,1.13943,1.13902,1.13898,5m,,,"the low since price last entered the zone, on the 5m (stop_basis=confirmation)",2026-07-29 04:00:00,1,896.4000000001225,996.6294000000051,1.13902,1.13943,
P40,EURUSD,LONG,2026-08-03 07:00:00,2026-08-03 07:45:00,1.1538,1.15238,1.15238,1.15238,1.15587,6.49,-921.5799999999849,-1.0,stop,1H,BS,5m,1.53,15m buy-side liquidity 1.15587 (x2),2026-07-31 19:46:00,2026-08-03 06:55:00,2026-08-03 07:00:00,scalp,1D+4H+1H,1D+4H+1H,1M=bearish 1W=bearish 1D=bullish 4H=bullish 1H=bullish,1.1537,1.4577464788732746,6.95,1.15261,1.15063,1.15122,1.14971,1.15238,5m,,,"the low since price last entered the zone, on the 5m (stop_basis=confirmation)",2026-07-31 18:00:00,1,921.5799999999849,987.6654000000038,1.14971,1.15261,
P41,EURUSD,LONG,2026-08-13 13:50:00,2026-08-13 17:15:00,1.15384,1.15256,1.15256,1.15256,1.15628,7.09,-907.519999999963,-1.0,stop,1H,BS,5m,1.98,1H origin high 1.15628 (31 candles up to the zone's P),2026-08-13 12:55:00,2026-08-13 13:45:00,2026-08-13 13:50:00,scalp,1D+4H+1H,1W+1D+4H+1H,1M=bearish 1W=bullish 1D=bullish 4H=bullish 1H=bullish,1.15374,1.906250000000076,7.64,1.15311,1.15284,1.15337,1.1523,1.15256,5m,,,"the low since price last entered the zone, on the 5m (stop_basis=confirmation)",2026-08-13 11:00:00,1,907.519999999963,978.449600000004,1.1523,1.15337,
