id,symbol,direction,opened_at,closed_at,entry,exit,stop,final_stop,take_profit,lots,pnl,r,reason,poi_tf,confirmation,confirmation_tf,planned_rr,tp_source,touched_at,confirmed_at,confirmed_close_at,entry_planned,rr_at_fill,lots_planned,poi_x,poi_b_low,poi_b_high,poi_p,stop_p,stop_tf,stop_p_open,stop_p_close,stop_basis,poi_formed,visit,risk_amount,risk_budget,poi_low,poi_high,kronos
P1,XAUUSD,LONG,2025-10-01 13:15:00,2025-10-01 13:15:00,3884.1879999999996,3889.38,3879.3,3879.3,3889.38,2.0,1038.4000000000924,1.062193126023124,take_profit,1H,BS,5m,1.13,15m buy-side liquidity 3889.37500 (x1),2025-10-01 12:32:00,2025-10-01 13:10:00,2025-10-01 13:15:00,3883.99,1.062193126023124,2.08,3875.295,3864.648,3878.835,3858.805,3879.305,5m,,,"the low since price last entered the zone, on the 5m (stop_basis=confirmation)",2025-10-01 09:00:00,1,977.599999999893,1000.0,3858.805,3878.835,
P2,XAUUSD,LONG,2025-10-03 12:50:00,2025-10-05 23:55:00,3862.415,3896.96,3854.55,3862.415,3896.96,1.26,4352.670000000009,4.392244119516978,take_profit,1H,BS,5m,4.47,1H origin high 3896.95800 (31 candles up to the zone's P),2025-10-03 09:00:00,2025-10-03 12:45:00,2025-10-03 12:50:00,3862.22,4.392244119516978,1.3,3863.455,3848.055,3850.725,3843.725,3854.548,5m,,,"the low since price last entered the zone, on the 5m (stop_basis=confirmation)",2025-10-03 08:00:00,1,990.9899999999725,1010.3840000000009,3843.725,3863.455,
P3,XAUUSD,LONG,2025-10-06 08:00:00,2025-10-06 09:00:00,3934.375,3944.95,3920.07,3920.07,3944.95,0.73,771.9749999999867,0.7392520097867836,take_profit,1H,BS,5m,0.76,15m buy-side liquidity 3944.95500 (x1),2025-10-06 04:00:00,2025-10-06 07:55:00,2025-10-06 08:00:00,3934.18,0.7392520097867836,0.74,3920.485,3909.795,3917.445,3899.475,3920.068,5m,,,"the low since price last entered the zone, on the 5m (stop_basis=confirmation)",2025-10-06 03:00:00,1,1044.264999999988,1053.910700000001,3899.475,3920.485,
P4,XAUUSD,LONG,2025-10-09 12:35:00,2025-10-09 14:40:00,4039.5449999999996,4033.36,4033.36,4033.36,4059.1,1.68,-1039.0799999999144,-1.0,stop,1H,BS,5m,3.25,1H origin high 4059.09800 (31 candles up to the zone's P),2025-10-09 06:01:00,2025-10-09 12:30:00,2025-10-09 12:35:00,4039.34,3.161681487469992,1.74,4036.135,4021.115,4026.615,4016.915,4033.355,5m,,,"the low since price last entered the zone, on the 5m (stop_basis=confirmation)",2025-10-09 05:00:00,1,1039.0799999999144,1061.630450000001,4016.915,4036.135,
P5,XAUUSD,LONG,2025-10-10 13:20:00,2025-10-13 00:05:00,3992.7549999999997,4059.1,3946.68,3946.68,4059.1,0.22,1459.5900000000056,1.4399348887683237,take_profit,1H,BS,5m,1.45,1H origin high 4059.09800 (31 candles up to the zone's P),2025-10-10 02:17:00,2025-10-10 13:15:00,2025-10-10 13:20:00,3992.55,1.4399348887683237,0.22,3981.865,3968.585,3972.755,3955.015,3946.675,5m,,,"the low since price last entered the zone, on the 5m (stop_basis=confirmation)",2025-10-10 00:00:00,1,1013.649999999996,1051.2396500000018,3955.015,3981.865,
P6,XAUUSD,LONG,2025-10-15 12:00:00,2025-10-15 13:15:00,4202.724999999999,4188.32,4188.32,4188.32,4217.99,0.73,-1051.5649999999814,-1.0,stop,4H,BS,15m,1.08,1H buy-side liquidity 4217.99500 (x1),2025-10-15 10:21:00,2025-10-15 11:45:00,2025-10-15 12:00:00,4202.52,1.059701492537355,0.74,4179.355,4166.955,4172.848,4153.465,4188.325,15m,,,"the low since price last entered the zone, on the 15m (stop_basis=confirmation)",2025-10-15 05:00:00,1,1051.5649999999814,1065.835550000002,4153.465,4179.355,
P7,XAUUSD,LONG,2025-10-21 07:40:00,2025-10-21 08:30:00,4330.335,4316.94,4316.94,4316.94,4361.64,0.78,-1044.810000000034,-1.0,stop,1H,BS,5m,2.37,1H origin high 4361.63500 (31 candles up to the zone's P),2025-10-20 21:13:00,2025-10-21 07:35:00,2025-10-21 07:40:00,4330.14,2.337066069428837,0.79,4355.345,4324.655,4331.948,4292.628,4316.945,5m,,,"the low since price last entered the zone, on the 5m (stop_basis=confirmation)",2025-10-20 19:00:00,1,1044.810000000034,1055.319900000002,4292.628,4355.345,
P8,XAUUSD,LONG,2025-11-11 13:15:00,2025-11-11 13:35:00,4140.224999999999,4145.73,4132.99,4132.99,4145.73,1.42,781.7100000000155,0.7608845888044725,take_profit,1H,BS,5m,0.8,15m buy-side liquidity 4145.72500 (x2),2025-11-11 05:05:00,2025-11-11 13:10:00,2025-11-11 13:15:00,4140.02,0.7608845888044725,1.46,4138.325,4122.515,4127.795,4116.055,4132.995,5m,,,"the low since price last entered the zone, on the 5m (stop_basis=confirmation)",2025-11-11 03:00:00,1,1027.3699999999535,1044.8718000000017,4116.055,4138.325,
P9,XAUUSD,LONG,2025-11-11 15:40:00,2025-11-12 15:10:00,4107.365,4146.55,4096.85,4096.85,4146.55,0.99,3879.3150000000396,3.7265810746554986,take_profit,1H,BS,5m,3.78,15m buy-side liquidity 4146.54500 (x1),2025-11-11 15:28:00,2025-11-11 15:35:00,2025-11-11 15:40:00,4107.16,3.7265810746554986,1.01,4097.545,4095.498,4101.445,4093.215,4096.845,5m,,,"the low since price last entered the zone, on the 5m (stop_basis=confirmation)",2025-11-10 18:00:00,1,1040.9849999999424,1052.688900000002,4093.215,4101.445,
P10,XAUUSD,LONG,2025-12-17 09:10:00,2025-12-17 10:35:00,4322.005,4308.15,4308.15,4308.15,4349.99,0.78,-1080.690000000037,-1.0,stop,1H,BS,5m,2.05,1H origin high 4349.99500 (31 candles up to the zone's P),2025-12-16 15:18:00,2025-12-17 09:05:00,2025-12-17 09:10:00,4321.81,2.0198484301695214,0.79,4317.695,4279.435,4290.678,4276.605,4308.145,5m,,,"the low since price last entered the zone, on the 5m (stop_basis=confirmation)",2025-12-16 14:00:00,1,1080.690000000037,1091.4820500000023,4276.605,4317.695,
P11,XAUUSD,LONG,2025-12-18 15:30:00,2025-12-18 16:05:00,4332.945,4346.38,4308.28,4308.28,4346.38,0.43,577.7050000000172,0.5446989661463782,take_profit,4H,BS,15m,0.56,1H buy-side liquidity 4346.37500 (x2),2025-12-12 15:24:00,2025-12-18 15:15:00,2025-12-18 15:30:00,4332.74,0.5446989661463782,0.44,4285.705,4280.425,4314.565,4276.198,4308.285,15m,,,"the low since price last entered the zone, on the 15m (stop_basis=confirmation)",2025-12-12 10:00:00,1,1060.5949999999984,1080.675150000002,4276.198,4314.565,
P12,XAUUSD,LONG,2025-12-23 12:40:00,2025-12-23 13:50:00,4486.835,4482.98,4482.98,4482.98,4497.35,2.74,-1056.2700000001296,-1.0,stop,1H,BS,5m,2.85,1H origin high 4497.34500 (31 candles up to the zone's P),2025-12-23 12:00:00,2025-12-23 12:35:00,2025-12-23 12:40:00,4486.64,2.7276264591437194,2.88,4492.995,4481.315,4484.425,4478.055,4482.975,5m,,,"the low since price last entered the zone, on the 5m (stop_basis=confirmation)",2025-12-23 11:00:00,1,1056.2700000001296,1086.4522000000022,4478.055,4492.995,
P13,XAUUSD,LONG,2025-12-23 15:40:00,2025-12-23 20:55:00,4454.224999999999,4497.35,4439.3,4439.3,4497.35,0.71,3061.8750000000646,2.8894472361811063,take_profit,1H,BS,5m,2.92,15m buy-side liquidity 4497.34500 (x2),2025-12-23 14:59:00,2025-12-23 15:35:00,2025-12-23 15:40:00,4454.02,2.8894472361811063,0.72,4441.948,4435.705,4438.215,4431.385,4439.295,5m,,,"the low since price last entered the zone, on the 5m (stop_basis=confirmation)",2025-12-22 21:00:00,1,1059.6749999999483,1075.889500000001,4431.385,4441.948,
P14,XAUUSD,LONG,2025-12-24 08:10:00,2025-12-24 10:00:00,4486.474999999999,4497.35,4477.81,4477.81,4497.35,1.26,1370.2500000001146,1.2550490478940677,take_profit,1H,BS,5m,1.29,1H origin high 4497.34500 (31 candles up to the zone's P),2025-12-23 21:00:00,2025-12-24 08:05:00,2025-12-24 08:10:00,4486.27,1.2550490478940677,1.29,4497.345,4459.065,4469.505,4455.559,4477.805,5m,,,"the low since price last entered the zone, on the 5m (stop_basis=confirmation)",2025-12-23 20:00:00,1,1091.7899999998808,1106.5082500000015,4455.559,4497.345,
P15,XAUUSD,LONG,2025-12-26 08:05:00,2025-12-26 13:40:00,4513.325,4525.77,4497.18,4497.18,4525.77,0.68,846.2600000000422,0.7708268813874873,take_profit,1H,BS,5m,0.79,1H origin high 4525.76500 (31 candles up to the zone's P),2025-12-26 01:43:00,2025-12-26 08:00:00,2025-12-26 08:05:00,4513.12,0.7708268813874873,0.69,4499.525,4481.979,4491.945,4482.655,4497.175,5m,,,"the low since price last entered the zone, on the 5m (stop_basis=confirmation)",2025-12-26 00:00:00,1,1097.8599999999678,1120.2107500000027,4482.655,4499.525,
P16,XAUUSD,LONG,2026-01-07 13:35:00,2026-01-07 15:10:00,4443.425,4427.51,4427.51,4427.51,4454.81,0.7,-1114.0499999999975,-1.0,stop,1H,BS,5m,0.73,15m buy-side liquidity 4454.80500 (x1),2026-01-05 03:58:00,2026-01-07 13:30:00,2026-01-07 13:35:00,4443.23,0.7153628652215045,0.71,4401.928,4331.345,4344.425,4326.635,4427.505,5m,,,"the low since price last entered the zone, on the 5m (stop_basis=confirmation)",2026-01-05 02:00:00,1,1114.0499999999975,1128.673350000003,4326.635,4401.928,
P17,XAUUSD,LONG,2026-01-09 09:05:00,2026-01-09 12:00:00,4470.755,4477.9,4463.9,4463.9,4477.9,1.6,1143.1999999999243,1.0423048869436957,take_profit,1H,BS,5m,1.09,1H origin high 4477.89800 (31 candles up to the zone's P),2026-01-09 00:14:00,2026-01-09 09:00:00,2026-01-09 09:05:00,4470.56,1.0423048869436957,1.65,4466.075,4452.775,4472.398,4451.285,4463.905,5m,,,"the low since price last entered the zone, on the 5m (stop_basis=confirmation)",2026-01-08 21:00:00,1,1096.8000000000757,1117.532850000003,4451.285,4472.398,
P18,XAUUSD,LONG,2026-01-15 09:45:00,2026-01-16 15:25:00,4609.474999999999,4580.81,4580.81,4580.81,4634.28,0.39,-1117.934999999963,-1.0,stop,4H,BS,15m,0.88,4H origin high 4634.28500 (31 candles up to the zone's P),2026-01-14 10:00:00,2026-01-15 09:30:00,2026-01-15 09:45:00,4609.27,0.8653410081981897,0.39,4629.975,4601.735,4613.095,4586.165,4580.815,15m,,,"the low since price last entered the zone, on the 15m (stop_basis=confirmation)",2026-01-14 06:00:00,1,1117.934999999963,1128.9648500000021,4586.165,4629.975,
P19,XAUUSD,LONG,2026-01-23 09:45:00,2026-01-23 15:40:00,4916.945,4959.51,4899.55,4899.55,4959.51,0.63,2681.595000000032,2.446967519402223,take_profit,1H,BS,5m,2.47,15m buy-side liquidity 4959.50500 (x1),2026-01-23 08:28:00,2026-01-23 09:40:00,2026-01-23 09:45:00,4916.74,2.446967519402223,0.64,4880.635,4885.235,4901.115,4869.195,4899.545,5m,,,"the low since price last entered the zone, on the 5m (stop_basis=confirmation)",2026-01-22 18:00:00,1,1095.8849999999702,1117.7855000000025,4869.195,4901.115,
P20,XAUUSD,SHORT,2026-02-17 13:15:00,2026-02-18 13:35:00,4921.658,4960.06,4960.06,4960.06,4654.35,0.29,-1113.6580000000013,-1.0,stop,4H,BS,15m,6.94,4H origin low 4654.35500 (31 candles up to the zone's P),2026-02-13 01:05:00,2026-02-17 13:00:00,2026-02-17 13:15:00,4921.66,6.960783292536839,0.29,5017.995,4957.955,5048.485,5077.485,4960.055,15m,,,"the high since price last entered the zone, on the 15m (stop_basis=confirmation)",2026-02-12 18:00:00,1,1113.6580000000013,1144.6014500000028,4957.955,5077.485,
P21,XAUUSD,LONG,2026-02-24 14:45:00,2026-02-27 16:10:00,5137.065,5249.57,5100.3,5100.3,5249.57,0.3,3375.1500000000033,3.0601115191078985,take_profit,4H,BS,15m,3.07,1H buy-side liquidity 5249.57500 (x1),2026-02-24 14:13:00,2026-02-24 14:30:00,2026-02-24 14:45:00,5136.86,3.0601115191078985,0.3,5083.475,5076.038,5096.958,5053.715,5100.295,15m,,,"the low since price last entered the zone, on the 15m (stop_basis=confirmation)",2026-02-22 22:00:00,1,1102.9499999999825,1133.4648700000027,5053.715,5096.958,
P22,XAUUSD,LONG,2026-03-03 12:15:00,2026-03-03 13:45:00,5192.325,5137.81,5137.81,5137.81,5249.57,0.21,-1144.8149999999878,-1.0,stop,4H,BS,15m,1.06,4H origin high 5249.57500 (31 candles up to the zone's P),2026-03-03 11:07:00,2026-03-03 12:00:00,2026-03-03 12:15:00,5192.12,1.0500779601944512,0.21,5200.865,5199.178,5213.535,5168.155,5137.805,15m,,,"the low since price last entered the zone, on the 15m (stop_basis=confirmation)",2026-02-27 14:00:00,1,1144.8149999999878,1167.2163700000028,5168.155,5213.535,
P23,XAUUSD,SHORT,2026-03-20 12:40:00,2026-03-20 18:50:00,4665.185,4502.11,4695.3,4665.185,4502.11,0.38,6196.850000000028,5.415075543749026,take_profit,1H,BS,5m,5.4,1H origin low 4502.10800 (31 candles up to the zone's P),2026-03-20 11:06:00,2026-03-20 12:35:00,2026-03-20 12:40:00,4665.19,5.415075543749026,0.38,4661.065,4669.925,4684.625,4700.255,4695.295,5m,,,"the high since price last entered the zone, on the 5m (stop_basis=confirmation)",2026-03-20 10:00:00,1,1144.3699999999917,1155.768220000003,4661.065,4700.255,
P24,XAUUSD,SHORT,2026-03-26 14:15:00,2026-03-26 14:15:00,4446.015,4460.2,4460.2,4460.2,4438.59,0.85,-1205.7249999999567,-1.0,stop,1H,BS,5m,0.52,1H origin low 4438.58500 (31 candles up to the zone's P),2026-03-26 07:03:00,2026-03-26 14:10:00,2026-03-26 14:15:00,4446.02,0.5234402537892455,0.85,4488.575,4459.225,4511.315,4522.095,4460.205,5m,,,"the high since price last entered the zone, on the 5m (stop_basis=confirmation)",2026-03-26 06:00:00,1,1205.7249999999567,1217.7367200000035,4459.225,4522.095,
P25,XAUUSD,LONG,2026-04-02 08:45:00,2026-04-07 23:50:00,4637.415,4800.19,4553.16,4553.16,4800.19,0.14,2278.849999999995,1.931932822977858,take_profit,4H,BS,15m,1.94,1H buy-side liquidity 4800.18500 (x1),2026-04-02 06:47:00,2026-04-02 08:30:00,2026-04-02 08:45:00,4637.22,1.931932822977858,0.14,4602.125,4592.955,4606.795,4567.555,4553.158,15m,,,"the low since price last entered the zone, on the 15m (stop_basis=confirmation)",2026-03-31 17:00:00,1,1179.5700000000015,1205.6794700000037,4567.555,4606.795,
P26,XAUUSD,LONG,2026-04-08 11:35:00,2026-04-08 13:20:00,4782.815,4770.89,4770.89,4770.89,4819.06,1.02,-1216.3499999999258,-1.0,stop,1H,BS,5m,3.08,1H origin high 4819.05800 (31 candles up to the zone's P),2026-04-08 02:19:00,2026-04-08 11:30:00,2026-04-08 11:35:00,4782.61,3.0394129979038165,1.03,4706.255,4716.558,4800.498,4712.645,4770.885,5m,,,"the low since price last entered the zone, on the 5m (stop_basis=confirmation)",2026-04-08 00:00:00,1,1216.3499999999258,1228.4679700000038,4712.645,4800.498,
P27,XAUUSD,SHORT,2026-06-03 12:20:00,2026-06-03 14:20:00,4460.835,4447.52,4467.9,4467.9,4447.52,1.69,2250.2349999999324,1.8846426043878775,take_profit,1H,BS,5m,1.86,4H sell-side liquidity 4447.51500 (x1),2026-06-03 07:02:00,2026-06-03 12:15:00,2026-06-03 12:20:00,4460.84,1.8846426043878775,1.69,4461.905,4473.915,4481.535,4488.035,4467.905,5m,,,"the high since price last entered the zone, on the 5m (stop_basis=confirmation)",2026-06-03 06:00:00,1,1193.9849999999324,1216.3044700000046,4461.905,4488.035,
P28,XAUUSD,SHORT,2026-06-18 13:45:00,2026-06-24 13:25:00,4242.985,4023.59,4329.86,4329.86,4023.59,0.14,3071.529999999994,2.5254100719424404,take_profit,4H,BS,15m,2.52,4H origin low 4023.58500 (31 candles up to the zone's P),2026-06-18 01:01:00,2026-06-18 13:30:00,2026-06-18 13:45:00,4242.98,2.5254100719424404,0.14,4313.005,4283.795,4319.665,4382.125,4329.865,15m,,,"the high since price last entered the zone, on the 15m (stop_basis=confirmation)",2026-06-17 21:00:00,1,1216.2500000000002,1238.8068200000039,4283.795,4382.125,
P29,XAUUSD,LONG,2026-08-06 13:00:00,2026-08-06 13:15:00,4263.405,4253.9,4253.9,4253.9,4281.8,1.32,-1254.6600000000144,-1.0,stop,1H,BS,5m,1.98,1H origin high 4281.79500 (31 candles up to the zone's P),2026-08-06 04:17:00,2026-08-06 12:55:00,2026-08-06 13:00:00,4263.2,1.9352972119937113,1.35,4267.715,4253.795,4264.185,4248.195,4253.905,5m,,,"the low since price last entered the zone, on the 5m (stop_basis=confirmation)",2026-08-06 01:00:00,1,1254.6600000000144,1269.5221200000037,4248.195,4267.715,
P30,XAUUSD,LONG,2026-08-12 07:00:00,2026-08-12 13:30:00,4391.005,4391.005,4383.64,4391.005,4434.97,1.68,0.0,0.0,breakeven,1H,BS,5m,6.07,1H origin high 4434.96500 (31 candles up to the zone's P),2026-08-12 04:37:00,2026-08-12 06:55:00,2026-08-12 07:00:00,4390.81,5.969450101833191,1.72,4403.945,4374.235,4377.905,4366.065,4383.635,5m,,,"the low since price last entered the zone, on the 5m (stop_basis=confirmation)",2026-08-12 03:00:00,1,1237.3199999999633,1256.9755200000036,4366.065,4403.945,
P31,XAUUSD,LONG,2026-08-17 13:55:00,2026-08-17 14:50:00,4384.1849999999995,4401.93,4376.78,4376.78,4401.93,1.67,2963.4150000001337,2.396353814990062,take_profit,1H,BS,5m,2.46,1H origin high 4401.92500 (31 candles up to the zone's P),2026-08-17 03:00:00,2026-08-17 13:50:00,2026-08-17 13:55:00,4383.98,2.396353814990062,1.72,4396.765,4384.795,4391.885,4367.575,4376.785,5m,,,"the low since price last entered the zone, on the 5m (stop_basis=confirmation)",2026-08-17 02:00:00,1,1236.6349999999575,1256.9755200000036,4367.575,4396.765,
P32,XAUUSD,SHORT,2026-09-14 13:25:00,2026-09-14 13:35:00,4285.708,4278.47,4297.64,4297.64,4278.47,1.06,767.2279999999337,0.6066040898423526,take_profit,1H,BS,5m,0.6,1H origin low 4278.46500 (31 candles up to the zone's P),2026-09-14 12:00:00,2026-09-14 13:20:00,2026-09-14 13:25:00,4285.71,0.6066040898423526,1.06,4291.951,4296.355,4303.125,4311.529,4297.639,5m,,,"the high since price last entered the zone, on the 5m (stop_basis=confirmation)",2026-09-14 11:00:00,1,1264.792000000074,1286.609670000005,4291.951,4311.529,
P33,XAUUSD,SHORT,2026-09-15 13:20:00,2026-09-15 13:45:00,4274.195,4286.55,4286.55,4286.55,4253.44,1.03,-1272.5650000000487,-1.0,stop,1H,BS,5m,1.67,1H origin low 4253.43800 (31 candles up to the zone's P),2026-09-15 11:54:00,2026-09-15 13:15:00,2026-09-15 13:20:00,4274.19,1.6798866855523524,1.03,4282.085,4295.178,4300.518,4307.418,4286.545,5m,,,"the high since price last entered the zone, on the 5m (stop_basis=confirmation)",2026-09-15 08:00:00,1,1272.5650000000487,1294.2819500000044,4282.085,4307.418,
P34,XAUUSD,SHORT,2026-09-17 07:40:00,2026-09-17 08:05:00,4306.095,4314.99,4314.99,4314.99,4256.77,1.42,-1263.0899999999328,-1.0,stop,1H,BS,5m,5.49,1H origin low 4256.76500 (31 candles up to the zone's P),2026-09-17 01:20:00,2026-09-17 07:35:00,2026-09-17 07:40:00,4306.1,5.545250140528661,1.42,4323.675,4286.955,4341.385,4355.855,4314.995,5m,,,"the high since price last entered the zone, on the 5m (stop_basis=confirmation)",2026-09-16 20:00:00,1,1263.0899999999328,1281.5563000000038,4286.955,4355.855,
P35,XAUUSD,SHORT,2026-09-22 12:15:00,2026-09-22 18:50:00,4314.885,4347.09,4347.09,4347.09,4291.24,0.39,-1255.9949999999972,-1.0,stop,4H,BS,15m,0.73,1H sell-side liquidity 4291.24500 (x1),2026-09-11 06:43:00,2026-09-22 12:00:00,2026-09-22 12:15:00,4314.89,0.7342027635460484,0.39,4340.965,4377.655,4403.875,4412.675,4347.085,15m,,,"the high since price last entered the zone, on the 15m (stop_basis=confirmation)",2026-09-10 17:00:00,1,1255.9949999999972,1268.9254000000044,4340.965,4412.675,
P36,XAUUSD,SHORT,2026-09-23 11:50:00,2026-09-23 13:10:00,4313.175,4318.84,4318.84,4318.84,4291.24,2.17,-1229.304999999992,-1.0,stop,1H,BS,5m,3.81,1H origin low 4291.24500 (31 candles up to the zone's P),2026-09-23 11:02:00,2026-09-23 11:45:00,2026-09-23 11:50:00,4313.18,3.8720211827008897,2.18,4314.725,4336.975,4342.215,4345.655,4318.835,5m,,,"the high since price last entered the zone, on the 5m (stop_basis=confirmation)",2026-09-23 10:00:00,1,1229.304999999992,1256.3654500000046,4314.725,4345.655,
P37,XAUUSD,SHORT,2026-09-24 14:35:00,2026-09-24 15:30:00,4272.695,4260.48,4284.8,4284.8,4260.48,1.01,1233.7150000000147,1.0090871540685393,take_profit,1H,BS,5m,1.0,1H origin low 4260.48500 (31 candles up to the zone's P),2026-09-24 12:22:00,2026-09-24 14:30:00,2026-09-24 14:35:00,4272.69,1.0090871540685393,1.01,4273.145,4267.145,4274.145,4285.405,4284.795,5m,,,"the high since price last entered the zone, on the 5m (stop_basis=confirmation)",2026-09-24 10:00:00,1,1222.6050000000478,1244.0724000000046,4267.145,4285.405,
