id,symbol,direction,opened_at,closed_at,entry,exit,stop,final_stop,take_profit,lots,pnl,r,reason,poi_tf,confirmation,confirmation_tf,planned_rr,tp_source,touched_at,confirmed_at,entry_planned,rr_at_fill,lots_planned,poi_low,poi_high,kronos,symbol_
P1,XAUUSD,LONG,2023-03-20 11:15:00,2023-03-20 15:00:00,1981.985,1970.605,1974.31,1974.31,1998.46,1.32,-1502.1600000000144,-1.5023102310230898,stop,1H,first_candle,15m,2.2,1D buy-side liquidity 1998.46000 (x1),2023-03-20 09:20:00,2023-03-20 11:00:00,1981.79,2.2,1.31,1974.305,1990.548,,XAUUSD
P2,XAUUSD,LONG,2023-05-08 12:30:00,2023-05-08 14:35:00,2025.034,2019.39,2019.39,2019.39,2052.93,1.77,-998.988000000001,-1.0180375180375263,stop,1D,BOS,15m,5.07,1H buy-side liquidity 2052.92500 (x1),2023-05-05 00:10:00,2023-05-08 12:15:00,2024.83,5.07,1.77,2008.025,2048.77,,XAUUSD
P3,XAUUSD,LONG,2023-05-09 12:15:00,2023-05-11 16:00:00,2032.184,2019.39,2019.39,2019.39,2052.93,0.76,-972.34399999999,-1.0078777375137895,stop,1D,BOS,15m,1.65,1H buy-side liquidity 2052.92500 (x1),2023-05-05 08:55:00,2023-05-09 12:00:00,2031.98,1.65,0.76,2008.025,2048.77,,XAUUSD
P4,XAUUSD,SHORT,2023-05-18 11:20:00,2023-05-18 13:00:00,1978.114,1974.12,1979.33,1979.33,1974.12,7.33,2927.602000000104,3.034954407295184,take_profit,1H,first_candle,5m,3.02,1D sell-side liquidity 1974.11500 (x1),2023-05-18 11:00:00,2023-05-18 11:15:00,1978.11,3.03,7.31,1976.084,1979.334,,XAUUSD
P5,XAUUSD,SHORT,2023-06-23 10:00:00,2023-06-23 10:25:00,1917.555,1918.87,1918.87,1918.87,1912.8,7.02,-923.1299999998788,-0.9293286219081184,stop,1H,BMS,5m,3.38,15m sell-side liquidity 1912.79500 (x1),2023-06-22 23:00:00,2023-06-23 09:55:00,1917.56,3.36,7.05,1912.675,1918.865,,XAUUSD
P6,XAUUSD,SHORT,2023-06-27 13:35:00,2023-06-27 13:35:00,1926.968,1929.43,1929.43,1929.43,1919.61,3.84,-945.4079999999958,-0.9609679937548788,stop,1H,first_candle,5m,2.88,15m sell-side liquidity 1919.60500 (x1),2023-06-27 13:05:00,2023-06-27 13:30:00,1926.97,2.87,3.84,1924.055,1929.435,,XAUUSD
P7,XAUUSD,SHORT,2023-06-29 09:20:00,2023-06-29 15:50:00,1907.465,1912.7,1912.7,1912.7,1809.42,1.82,-952.7700000000232,-0.9812558575445178,stop,4H,BS,15m,12.36,1D sell-side liquidity 1809.42500 (x1),2023-06-29 09:00:00,2023-06-29 09:00:00,1905.06,18.38,1.26,1905.498,1912.705,,XAUUSD
P8,XAUUSD,SHORT,2023-06-30 08:00:00,2023-06-30 13:40:00,1906.705,1912.7,1912.7,1912.7,1895.43,1.58,-947.2100000000188,-0.9835931091058248,stop,4H,BOS,1H,1.85,4H sell-side liquidity 1895.43500 (x1),2023-06-29 09:00:00,2023-06-30 07:00:00,1906.7,1.85,1.58,1905.498,1912.705,,XAUUSD
P9,XAUUSD,SHORT,2023-08-16 14:45:00,2023-08-16 14:50:00,1904.935,1906.58,1906.58,1906.58,1896.21,5.48,-901.45999999999,-0.9426934097421196,stop,1H,BS,15m,4.98,1H sell-side liquidity 1896.21500 (x1),2023-08-16 14:20:00,2023-08-16 14:30:00,1904.93,5.0,5.46,1902.718,1906.575,,XAUUSD
P10,XAUUSD,LONG,2023-09-19 07:00:00,2023-09-20 21:05:00,1930.938,1930.938,1927.55,1930.938,1953.06,2.88,0.0,0.0,breakeven,1W,BMS,1D,3.1,1W buy-side liquidity 1953.05500 (x1),2023-09-15 19:40:00,2023-09-17 21:00:00,1933.69,6.79,1.51,1809.425,1959.77,,XAUUSD
P11,XAUUSD,SHORT,2023-10-02 12:50:00,2023-10-02 13:20:00,1837.655,1839.62,1839.62,1839.62,1832.72,4.59,-901.9349999999624,-0.9515738498789328,stop,1H,first_candle,5m,2.38,15m sell-side liquidity 1832.72500 (x1),2023-10-02 12:35:00,2023-10-02 12:45:00,1837.65,2.39,4.57,1836.225,1839.615,,XAUUSD
P12,XAUUSD,SHORT,2023-10-06 08:15:00,2023-10-06 11:05:00,1819.915,1822.84,1822.84,1822.84,1812.92,3.1,-906.749999999986,-0.96694214876033,stop,1H,BS,15m,2.31,1H sell-side liquidity 1812.92400 (x1),2023-10-06 08:00:00,2023-10-06 08:00:00,1819.91,2.31,3.09,1819.595,1822.835,,XAUUSD
P13,XAUUSD,LONG,2023-11-29 08:00:00,2023-11-29 09:20:00,2042.495,2040.34,2040.34,2040.34,2048.24,4.52,-974.0600000000904,-1.0486618004866364,stop,1H,first_candle,15m,2.88,1D buy-side liquidity 2048.24500 (x1),2023-11-29 07:25:00,2023-11-29 07:45:00,2042.3,2.89,4.51,2040.34,2042.915,,XAUUSD
P14,XAUUSD,LONG,2023-12-06 08:00:00,2023-12-06 09:15:00,2034.215,2023.74,2023.74,2023.74,2145.14,0.88,-921.800000000012,-1.0096385542168718,stop,1D,BOS,1H,10.71,4H buy-side liquidity 2145.13500 (x1),2023-12-04 20:40:00,2023-12-06 07:00:00,2034.02,10.71,0.88,2011.685,2048.245,,XAUUSD
P15,XAUUSD,LONG,2023-12-07 14:00:00,2023-12-07 14:45:00,2037.275,2026.19,2026.19,2026.19,2145.14,0.82,-908.970000000003,-1.0091033227127943,stop,1D,BOS,1H,9.83,4H buy-side liquidity 2145.13500 (x1),2023-12-06 03:40:00,2023-12-07 13:00:00,2037.08,9.84,0.82,2011.685,2048.245,,XAUUSD
P16,XAUUSD,LONG,2023-12-28 09:25:00,2023-12-28 19:40:00,2075.065,2066.51,2066.51,2066.51,2087.72,1.06,-906.8299999999344,-1.0118273211117472,stop,4H,first_candle,5m,1.52,15m buy-side liquidity 2087.72500 (x3),2023-12-28 09:05:00,2023-12-28 09:20:00,2074.86,1.52,1.06,2066.515,2075.775,,XAUUSD
P17,XAUUSD,LONG,2023-12-29 10:25:00,2023-12-29 13:55:00,2063.555,2058.26,2058.26,2058.26,2074.64,1.71,-905.4449999999348,-1.019249278152035,stop,1H,first_candle,5m,2.17,15m buy-side liquidity 2074.64500 (x1),2023-12-29 10:15:00,2023-12-29 10:20:00,2063.36,2.17,1.71,2058.265,2064.035,,XAUUSD
P18,XAUUSD,LONG,2024-01-02 12:00:00,2024-01-02 14:40:00,2069.345,2063.91,2063.91,2063.91,2088.36,1.65,-896.774999999991,-1.0187441424554482,stop,4H,BS,1H,3.61,4H buy-side liquidity 2088.35500 (x1),2024-01-02 10:10:00,2024-01-02 11:00:00,2069.14,3.6,1.65,2063.915,2074.645,,XAUUSD
P19,XAUUSD,LONG,2024-01-02 15:05:00,2024-01-02 15:15:00,2068.115,2063.91,2063.91,2063.91,2088.36,2.13,-895.6649999999845,-1.0243605359317456,stop,4H,first_candle,1H,2.78,4H buy-side liquidity 2088.35500 (x1),2024-01-02 10:10:00,2024-01-02 14:00:00,2070.3,4.98,1.34,2063.915,2074.645,,XAUUSD
P20,XAUUSD,LONG,2024-01-03 10:25:00,2024-01-03 11:30:00,2054.755,2051.33,2051.33,2051.33,2064.23,2.6,-890.4999999999291,-1.0300751879698709,stop,1H,first_candle,5m,2.92,15m buy-side liquidity 2064.22800 (x1),2024-01-03 09:40:00,2024-01-03 10:20:00,2054.55,2.91,2.6,2051.328,2054.875,,XAUUSD
P21,XAUUSD,LONG,2024-01-03 12:15:00,2024-01-03 12:20:00,2045.585,2043.8,2043.8,2043.8,2055.88,5.08,-906.7800000000416,-1.0593471810089277,stop,1H,first_candle,5m,6.25,15m buy-side liquidity 2055.87500 (x1),2024-01-03 11:55:00,2024-01-03 12:10:00,2045.38,6.23,5.09,2043.798,2046.608,,XAUUSD
P22,XAUUSD,LONG,2024-01-03 12:45:00,2024-01-03 13:20:00,2046.175,2043.8,2043.8,2043.8,2065.84,3.72,-883.5,-1.043956043956065,stop,1H,first_candle,15m,8.75,1H buy-side liquidity 2065.83500 (x1),2024-01-03 11:55:00,2024-01-03 12:30:00,2045.97,8.73,3.73,2043.798,2046.608,,XAUUSD
P23,XAUUSD,SHORT,2024-02-23 11:20:00,2024-02-23 12:30:00,2022.778,2026.1,2026.1,2026.1,2014.94,2.45,-813.8899999999729,-0.9707773232028044,stop,1H,first_candle,15m,2.03,1H sell-side liquidity 2014.94500 (x1),2024-02-23 10:50:00,2024-02-23 11:00:00,2022.48,2.29,2.25,2022.575,2026.095,,XAUUSD
P24,XAUUSD,LONG,2024-03-12 14:15:00,2024-03-12 18:00:00,2154.015,2154.015,2151.61,2154.015,2181.87,3.6,0.0,0.0,breakeven,1H,first_candle,5m,12.14,15m buy-side liquidity 2181.86800 (x1),2024-03-12 14:05:00,2024-03-12 14:10:00,2153.82,12.17,3.59,2151.615,2154.345,,XAUUSD
P25,XAUUSD,LONG,2024-03-18 13:30:00,2024-03-19 08:20:00,2156.565,2147.24,2147.24,2147.24,2172.61,0.9,-839.2499999999836,-1.0108401084010643,stop,1H,BS,15m,1.76,1H buy-side liquidity 2172.61500 (x1),2024-03-18 13:15:00,2024-03-18 13:15:00,2156.36,1.76,0.9,2147.245,2157.435,,XAUUSD
P26,XAUUSD,LONG,2024-04-02 07:15:00,2024-04-02 10:30:00,2254.875,2265.59,2247.7,2247.7,2265.59,1.16,1242.9400000000169,1.5144876325087766,take_profit,1H,first_candle,15m,1.54,1H buy-side liquidity 2265.58500 (x1),2024-04-02 06:05:00,2024-04-02 07:00:00,2254.68,1.54,1.16,2247.695,2255.745,,XAUUSD
P27,XAUUSD,LONG,2024-04-02 11:20:00,2024-04-02 12:20:00,2258.945,2256.07,2256.07,2256.07,2265.59,3.0,-862.4999999998636,-1.036036036035974,stop,1H,first_candle,5m,2.47,4H buy-side liquidity 2265.58500 (x1),2024-04-02 11:00:00,2024-04-02 11:15:00,2258.74,2.47,3.01,2256.075,2259.798,,XAUUSD
P28,XAUUSD,LONG,2024-04-05 08:20:00,2024-04-05 15:20:00,2284.725,2305.43,2273.47,2273.47,2305.43,0.74,1532.1699999999946,1.8561183325862292,take_profit,4H,BOS,15m,1.89,1H buy-side liquidity 2305.42500 (x1),2024-04-04 13:00:00,2024-04-05 08:00:00,2284.45,1.87,0.74,2265.405,2288.185,,XAUUSD
P29,XAUUSD,LONG,2024-04-10 08:10:00,2024-04-10 10:25:00,2354.945,2350.82,2350.82,2350.82,2364.14,2.09,-862.1249999999048,-1.024844720496851,stop,1H,first_candle,15m,1.53,1H buy-side liquidity 2364.13500 (x1),2024-04-10 07:35:00,2024-04-10 07:45:00,2356.03,2.33,1.58,2350.825,2355.705,,XAUUSD
P30,XAUUSD,LONG,2024-04-16 07:50:00,2024-04-16 08:55:00,2373.225,2363.57,2363.57,2363.57,2389.2,0.87,-839.9849999999778,-1.0104657247514202,stop,1H,first_candle,5m,1.69,15m buy-side liquidity 2389.19800 (x2),2024-04-16 07:40:00,2024-04-16 07:45:00,2373.03,1.69,0.87,2363.565,2373.875,,XAUUSD
P31,XAUUSD,LONG,2024-04-16 11:00:00,2024-04-16 15:20:00,2372.365,2363.57,2363.57,2363.57,2389.2,0.94,-826.7299999999641,-1.0115008625646718,stop,1H,BMS,5m,1.96,15m buy-side liquidity 2389.19800 (x2),2024-04-16 07:40:00,2024-04-16 10:55:00,2372.16,1.96,0.94,2363.565,2373.875,,XAUUSD
P32,XAUUSD,LONG,2024-04-19 08:00:00,2024-04-19 09:25:00,2390.115,2378.7,2378.7,2378.7,2417.74,0.72,-821.8799999999974,-1.0088378258948136,stop,1H,BOS,5m,2.46,15m buy-side liquidity 2417.74500 (x1),2024-04-19 04:05:00,2024-04-19 07:55:00,2389.91,2.46,0.72,2378.705,2395.308,,XAUUSD
P33,XAUUSD,LONG,2024-04-22 12:35:00,2024-04-22 14:35:00,2344.215,2331.64,2331.64,2331.64,2363.57,0.64,-804.7999999999884,-1.0080160320641136,stop,4H,first_candle,5m,1.57,15m buy-side liquidity 2363.56500 (x1),2024-04-22 12:15:00,2024-04-22 12:30:00,2344.01,1.57,0.64,2331.645,2346.765,,XAUUSD
P34,XAUUSD,SHORT,2024-05-03 09:20:00,2024-05-03 13:30:00,2300.565,2306.22,2306.22,2306.22,2285.36,1.38,-780.3899999999647,-0.9826238053866196,stop,1H,BS,15m,2.74,1H sell-side liquidity 2285.35800 (x1),2024-05-03 09:00:00,2024-05-03 09:00:00,2300.72,2.64,1.42,2299.725,2306.225,,XAUUSD
P35,XAUUSD,LONG,2024-05-13 07:20:00,2024-05-13 09:25:00,2350.835,2345.86,2345.86,2345.86,2359.71,1.62,-805.9499999999853,-1.020512820512783,stop,4H,first_candle,5m,1.86,15m buy-side liquidity 2359.70800 (x1),2024-05-13 06:35:00,2024-05-13 07:15:00,2350.64,1.86,1.62,2345.865,2351.115,,XAUUSD
P36,XAUUSD,LONG,2024-05-13 11:20:00,2024-05-15 08:30:00,2341.925,2364.36,2329.07,2329.07,2364.36,0.61,1368.5350000000244,1.7589180713446373,take_profit,4H,first_candle,15m,1.79,1H buy-side liquidity 2364.35500 (x1),2024-05-13 09:35:00,2024-05-13 11:00:00,2341.66,1.77,0.61,2329.075,2342.965,,XAUUSD
P37,XAUUSD,LONG,2024-05-15 11:55:00,2024-05-15 12:45:00,2366.648,2362.26,2362.26,2362.26,2374.18,1.86,-816.1679999999005,-1.0233208955223476,stop,1H,first_candle,5m,1.8,15m buy-side liquidity 2374.17500 (x1),2024-05-15 11:40:00,2024-05-15 11:50:00,2366.45,1.8,1.85,2362.255,2368.085,,XAUUSD
P38,XAUUSD,LONG,2024-05-16 14:20:00,2024-05-16 14:25:00,2374.615,2374.615,2372.98,2374.615,2391.26,5.14,0.0,0.0,breakeven,1H,first_candle,15m,1.78,1H buy-side liquidity 2391.25500 (x1),2024-05-16 14:00:00,2024-05-16 14:00:00,2379.49,10.97,1.19,2372.978,2376.975,,XAUUSD
P39,XAUUSD,LONG,2024-07-15 14:10:00,2024-07-15 15:45:00,2412.238,2424.39,2410.61,2412.238,2424.39,5.16,6270.432000000023,7.952879581152467,take_profit,1H,BS,15m,2.3,1H buy-side liquidity 2424.39500 (x1),2024-07-15 13:35:00,2024-07-15 13:45:00,2414.72,8.08,1.87,2410.605,2414.438,,XAUUSD
P40,XAUUSD,LONG,2024-08-13 08:40:00,2024-08-13 09:40:00,2465.125,2458.89,2458.89,2458.89,2477.49,1.38,-860.4300000000175,-1.0162999185003772,stop,4H,BMS,15m,2.24,1H buy-side liquidity 2477.49400 (x2),2024-08-13 01:40:00,2024-08-13 08:15:00,2464.57,2.05,1.47,2458.894,2469.825,,XAUUSD
P41,XAUUSD,LONG,2024-08-13 13:05:00,2024-08-13 14:20:00,2465.685,2458.89,2458.89,2458.89,2477.49,1.26,-856.1700000000092,-1.014936519790861,stop,4H,BOS,15m,1.73,1H buy-side liquidity 2477.49400 (x2),2024-08-13 01:40:00,2024-08-13 12:45:00,2465.65,1.79,1.22,2458.894,2469.825,,XAUUSD
P42,XAUUSD,LONG,2024-08-14 07:20:00,2024-08-14 09:30:00,2462.765,2472.41,2458.89,2458.89,2472.41,2.21,2131.544999999996,2.5549668874170908,take_profit,4H,BOS,5m,2.6,1H buy-side liquidity 2472.41500 (x1),2024-08-13 01:40:00,2024-08-14 07:15:00,2462.57,2.61,2.2,2458.894,2469.825,,XAUUSD
P43,XAUUSD,LONG,2024-08-22 07:00:00,2024-08-22 10:10:00,2505.605,2501.07,2501.07,2501.07,2514.55,1.93,-875.2549999999719,-1.0225479143178844,stop,1H,BMS,15m,2.06,1H buy-side liquidity 2514.54500 (x1),2024-08-20 19:40:00,2024-08-22 06:45:00,2505.41,2.06,1.92,2501.075,2514.275,,XAUUSD
P44,XAUUSD,LONG,2024-08-28 13:40:00,2024-08-29 01:15:00,2495.065,2511.28,2492.93,2495.065,2511.28,4.16,6745.44000000025,7.968058968059476,take_profit,1H,first_candle,5m,8.09,15m buy-side liquidity 2511.27500 (x1),2024-08-28 13:25:00,2024-08-28 13:35:00,2494.86,8.07,4.17,2492.935,2496.855,,XAUUSD
P45,XAUUSD,LONG,2024-09-03 12:00:00,2024-09-03 12:25:00,2497.415,2497.415,2496.47,2497.415,2506.16,10.82,0.0,0.0,breakeven,1H,first_candle,15m,10.52,1H buy-side liquidity 2506.16500 (x1),2024-09-03 10:05:00,2024-09-03 11:45:00,2497.22,10.59,10.76,2496.475,2503.075,,XAUUSD
P46,XAUUSD,LONG,2024-09-17 09:15:00,2024-09-17 09:45:00,2582.674,2579.2,2579.2,2579.2,2589.51,2.71,-941.4540000000434,-1.029638411381093,stop,1H,BS,15m,2.09,1H buy-side liquidity 2589.51500 (x2),2024-09-17 09:00:00,2024-09-17 09:00:00,2582.47,2.09,2.71,2579.205,2583.995,,XAUUSD
P47,XAUUSD,LONG,2024-09-17 10:00:00,2024-09-17 10:00:00,2580.225,2579.2,2579.2,2579.2,2586.84,9.79,-1003.4750000000888,-1.1081081081078796,stop,1H,first_candle,15m,7.32,1H buy-side liquidity 2586.83500 (x1),2024-09-17 09:00:00,2024-09-17 09:45:00,2580.03,7.37,9.73,2579.205,2583.995,,XAUUSD
P48,XAUUSD,LONG,2024-09-17 11:25:00,2024-09-17 16:30:00,2572.525,2565.93,2565.93,2565.93,2586.84,1.37,-903.5149999999728,-1.0153964588144448,stop,1H,first_candle,15m,1.69,1H buy-side liquidity 2586.83500 (x1),2024-09-17 10:40:00,2024-09-17 11:00:00,2573.64,2.23,1.14,2565.935,2573.375,,XAUUSD
P49,XAUUSD,LONG,2024-09-19 14:00:00,2024-09-19 14:00:00,2576.754,2574.91,2574.91,2574.91,2591.11,5.08,-936.752000000026,-1.0573394495411723,stop,1H,first_candle,5m,8.37,15m buy-side liquidity 2591.10500 (x1),2024-09-19 13:35:00,2024-09-19 13:55:00,2576.55,8.35,5.09,2574.915,2581.268,,XAUUSD
P50,XAUUSD,LONG,2024-09-19 14:15:00,2024-09-19 14:40:00,2578.994,2574.91,2574.91,2574.91,2594.78,2.2,-898.4799999999633,-1.0251004016063798,stop,1H,first_candle,15m,4.02,1H buy-side liquidity 2594.77500 (x1),2024-09-19 13:35:00,2024-09-19 14:00:00,2578.79,4.01,2.2,2574.915,2581.268,,XAUUSD
P51,XAUUSD,LONG,2024-09-23 08:15:00,2024-09-23 08:20:00,2621.445,2618.7,2618.7,2618.7,2631.2,3.28,-900.3599999999642,-1.0378071833647695,stop,1H,first_candle,5m,3.77,15m buy-side liquidity 2631.20500 (x1),2024-09-23 07:50:00,2024-09-23 08:10:00,2621.24,3.76,3.28,2618.704,2625.574,,XAUUSD
P52,XAUUSD,LONG,2024-09-26 14:25:00,2024-09-26 14:50:00,2663.648,2657.86,2657.86,2657.86,2685.41,1.51,-873.987999999933,-1.0175808720112207,stop,4H,first_candle,5m,3.86,15m buy-side liquidity 2685.40500 (x1),2024-09-26 14:10:00,2024-09-26 14:20:00,2663.45,3.86,1.51,2657.855,2667.345,,XAUUSD
P53,XAUUSD,LONG,2024-10-02 07:45:00,2024-10-02 13:25:00,2649.445,2645.26,2645.26,2645.26,2656.07,2.08,-870.4799999998941,-1.0244798041615242,stop,1H,BMS,5m,1.67,15m buy-side liquidity 2656.06800 (x1),2024-10-01 15:15:00,2024-10-02 07:40:00,2649.24,1.67,2.08,2645.258,2660.495,,XAUUSD
P54,XAUUSD,LONG,2024-10-04 08:15:00,2024-10-04 10:10:00,2660.465,2657.9,2657.9,2657.9,2667.68,3.41,-874.6649999998635,-1.040567951318388,stop,1H,first_candle,5m,3.02,15m buy-side liquidity 2667.67500 (x1),2024-10-04 07:50:00,2024-10-04 08:10:00,2660.26,3.01,3.42,2657.898,2662.008,,XAUUSD
P55,XAUUSD,LONG,2024-10-07 13:45:00,2024-10-07 13:45:00,2643.175,2641.93,2641.93,2641.93,2659.47,7.27,-905.1149999999208,-1.0873362445413202,stop,1H,first_candle,5m,14.47,15m buy-side liquidity 2659.46500 (x1),2024-10-07 13:20:00,2024-10-07 13:40:00,2642.97,14.41,7.3,2641.925,2653.835,,XAUUSD
P56,XAUUSD,LONG,2024-10-08 13:55:00,2024-10-08 14:20:00,2645.538,2639.68,2639.68,2639.68,2659.47,1.43,-837.694000000025,-1.0173671413684982,stop,1H,BS,15m,1.91,1H buy-side liquidity 2659.46500 (x1),2024-10-08 13:30:00,2024-10-08 13:30:00,2646.41,2.45,1.2,2639.685,2646.335,,XAUUSD
P57,XAUUSD,LONG,2024-10-08 14:45:00,2024-10-08 14:45:00,2640.015,2639.68,2639.68,2639.68,2659.47,34.7,-1162.4500000001262,-1.4255319148924477,stop,1H,first_candle,15m,81.87,1H buy-side liquidity 2659.46500 (x1),2024-10-08 13:30:00,2024-10-08 14:30:00,2639.82,83.64,33.98,2639.685,2646.335,,XAUUSD
P58,XAUUSD,LONG,2024-10-28 10:45:00,2024-10-28 14:45:00,2732.955,2744.45,2727.51,2727.51,2744.45,1.5,1724.2499999999836,2.150608044901801,take_profit,1H,BOS,5m,2.19,15m buy-side liquidity 2744.44500 (x1),2024-10-25 17:05:00,2024-10-28 10:40:00,2732.76,2.19,1.5,2727.505,2736.385,,XAUUSD
P59,XAUUSD,LONG,2024-10-31 14:10:00,2024-10-31 14:30:00,2753.765,2748.05,2748.05,2748.05,2782.47,1.46,-834.3899999999549,-1.0178094390026395,stop,1H,first_candle,5m,5.14,15m buy-side liquidity 2782.46500 (x2),2024-10-31 13:45:00,2024-10-31 14:05:00,2753.57,5.15,1.46,2748.045,2760.438,,XAUUSD
P60,XAUUSD,LONG,2024-10-31 14:55:00,2024-11-06 06:25:00,2739.635,2723.12,2723.12,2723.12,2782.47,0.49,-809.2349999999938,-1.0060919890344084,stop,4H,first_candle,5m,2.62,15m buy-side liquidity 2782.46500 (x2),2024-10-31 14:35:00,2024-10-31 14:50:00,2739.43,2.62,0.49,2723.125,2743.175,,XAUUSD
P61,XAUUSD,LONG,2024-11-20 15:00:00,2024-11-22 01:00:00,2643.245,2675.22,2631.02,2643.245,2675.22,0.66,2110.349999999994,2.6371134020618285,take_profit,1W,BOS,1H,2.65,4H buy-side liquidity 2675.22500 (x1),2024-11-19 04:40:00,2024-11-20 14:00:00,2643.05,2.65,0.66,2546.86,2685.64,,XAUUSD
P62,XAUUSD,LONG,2025-01-07 08:00:00,2025-01-21 03:20:00,2640.548,2726.3,2634.7,2640.548,2726.3,1.43,12262.536000000058,14.918580375782597,take_profit,1W,BS,1D,59.73,1W buy-side liquidity 2726.29500 (x1),2025-01-03 20:40:00,2025-01-05 22:00:00,2636.11,14.95,5.46,2546.86,2685.64,,XAUUSD
P63,XAUUSD,LONG,2025-01-22 11:20:00,2025-01-22 12:30:00,2757.425,2752.7,2752.7,2752.7,2790.17,2.05,-968.6249999999812,-1.021621621621582,stop,1H,BS,15m,5.25,1D buy-side liquidity 2790.17000 (x1),2025-01-22 11:00:00,2025-01-22 11:00:00,2758.61,7.12,1.57,2752.695,2758.475,,XAUUSD
P64,XAUUSD,LONG,2025-02-14 15:55:00,2025-02-14 16:30:00,2901.605,2891.93,2891.93,2891.93,2939.93,0.98,-948.1500000000178,-1.0104438642297455,stop,1H,first_candle,15m,2.57,1H buy-side liquidity 2939.93500 (x1),2025-02-14 15:25:00,2025-02-14 15:30:00,2905.3,4.02,0.69,2891.935,2901.735,,XAUUSD
P65,XAUUSD,LONG,2025-02-19 12:45:00,2025-02-19 12:55:00,2936.135,2933.51,2933.51,2933.51,2939.98,3.68,-965.9999999998328,-1.039603960395972,stop,1H,first_candle,15m,1.61,1D buy-side liquidity 2939.98000 (x1),2025-02-19 11:40:00,2025-02-19 12:30:00,2935.93,1.6,3.68,2933.515,2939.935,,XAUUSD
P66,XAUUSD,LONG,2025-02-25 15:50:00,2025-02-27 08:25:00,2905.455,2881.7,2881.7,2881.7,2944.65,0.38,-902.690000000004,-1.0042274360600218,stop,4H,first_candle,5m,1.66,15m buy-side liquidity 2944.64800 (x1),2025-02-25 15:30:00,2025-02-25 15:45:00,2905.26,1.67,0.38,2881.695,2909.035,,XAUUSD
P67,XAUUSD,LONG,2025-02-27 09:15:00,2025-02-27 13:30:00,2886.975,2881.7,2881.7,2881.7,2898.2,1.75,-923.125000000016,-1.0193236714975484,stop,4H,BMS,5m,2.2,15m buy-side liquidity 2898.20500 (x1),2025-02-26 06:10:00,2025-02-27 09:10:00,2886.78,2.21,1.75,2881.695,2909.035,,XAUUSD
P68,XAUUSD,LONG,2025-03-20 08:45:00,2025-03-20 10:30:00,3040.048,3028.54,3028.54,3028.54,3057.24,0.79,-909.131999999985,-1.0087657784011062,stop,1H,first_candle,15m,1.52,1H buy-side liquidity 3057.24500 (x1),2025-03-20 08:05:00,2025-03-20 08:30:00,3039.85,1.52,0.79,3028.538,3040.898,,XAUUSD
P69,XAUUSD,LONG,2025-03-20 12:10:00,2025-03-20 23:55:00,3035.675,3046.07,3028.54,3028.54,3046.07,1.26,1309.770000000055,1.477611940298581,take_profit,4H,BOS,5m,1.51,15m buy-side liquidity 3046.06500 (x1),2025-03-20 02:45:00,2025-03-20 12:05:00,3035.47,1.51,1.26,3028.538,3046.685,,XAUUSD
P70,XAUUSD,LONG,2025-03-21 08:45:00,2025-03-21 09:10:00,3033.535,3028.54,3028.54,3028.54,3047.26,1.84,-919.07999999998,-1.0204290091930168,stop,4H,BOS,15m,2.84,1H buy-side liquidity 3047.26500 (x1),2025-03-20 02:45:00,2025-03-21 08:30:00,3033.34,2.84,1.84,3028.538,3046.685,,XAUUSD
P71,XAUUSD,LONG,2025-03-21 11:55:00,2025-03-21 13:30:00,3033.185,3028.54,3028.54,3028.54,3047.26,1.97,-915.0649999999964,-1.0220022002199811,stop,4H,BOS,15m,2.01,1H buy-side liquidity 3047.26500 (x1),2025-03-20 02:45:00,2025-03-21 11:30:00,3034.7,3.14,1.43,3028.538,3046.685,,XAUUSD
P72,XAUUSD,LONG,2025-04-01 07:15:00,2025-04-01 08:40:00,3130.748,3126.29,3126.29,3126.29,3148.84,2.03,-904.9739999999246,-1.0229463056447503,stop,1H,first_candle,5m,4.19,15m buy-side liquidity 3148.83500 (x1),2025-04-01 06:55:00,2025-04-01 07:10:00,3130.55,4.2,2.03,3126.288,3132.758,,XAUUSD
P73,XAUUSD,LONG,2025-04-03 09:00:00,2025-04-03 11:30:00,3129.055,3104.18,3104.18,3104.18,3167.55,0.35,-870.625,-1.004036326942475,stop,4H,first_candle,1H,1.56,4H buy-side liquidity 3167.54800 (x1),2025-04-03 05:50:00,2025-04-03 08:00:00,3128.86,1.56,0.35,3104.175,3140.358,,XAUUSD
P74,XAUUSD,LONG,2025-04-03 12:05:00,2025-04-03 13:25:00,3096.355,3076.49,3076.49,3076.49,3131.93,0.43,-854.1950000000102,-1.005059448520102,stop,1H,first_candle,5m,1.81,15m buy-side liquidity 3131.93500 (x1),2025-04-03 11:55:00,2025-04-03 12:00:00,3096.16,1.81,0.43,3076.485,3097.715,,XAUUSD
P75,XAUUSD,LONG,2025-04-03 14:35:00,2025-04-03 15:45:00,3070.598,3131.93,3061.64,3070.598,3131.93,0.97,5949.203999999988,6.923910589297589,take_profit,1H,BMS,5m,6.94,15m buy-side liquidity 3131.93500 (x1),2025-04-03 13:25:00,2025-04-03 14:30:00,3070.4,6.95,0.97,3061.635,3077.365,,XAUUSD
P76,XAUUSD,LONG,2025-04-23 08:45:00,2025-04-23 08:45:00,3318.055,3317.82,3317.82,3317.82,3349.05,68.17,-1601.994999997768,-1.7407407407401918,stop,4H,BMS,5m,222.79,15m buy-side liquidity 3349.05500 (x1),2025-04-22 23:00:00,2025-04-23 08:40:00,3317.86,231.07,65.73,3317.815,3357.455,,XAUUSD
P77,XAUUSD,LONG,2025-04-23 10:00:00,2025-04-23 10:55:00,3321.495,3321.495,3317.82,3321.495,3349.05,2.52,0.0,0.0,breakeven,4H,BOS,5m,7.75,15m buy-side liquidity 3349.05500 (x1),2025-04-22 23:00:00,2025-04-23 09:55:00,3321.3,7.76,2.52,3317.815,3357.455,,XAUUSD
P78,XAUUSD,LONG,2025-06-03 13:00:00,2025-06-03 13:20:00,3359.298,3349.93,3349.93,3349.93,3391.93,0.97,-908.695999999994,-1.0107898144151723,stop,4H,BMS,15m,3.54,1H buy-side liquidity 3391.93500 (x1),2025-06-03 02:10:00,2025-06-03 12:45:00,3359.1,3.54,0.97,3349.925,3368.975,,XAUUSD
P79,XAUUSD,LONG,2025-06-04 13:20:00,2025-06-04 13:25:00,3351.405,3346.2,3346.2,3346.2,3364.95,1.75,-910.8749999999872,-1.019588638589582,stop,1H,BMS,5m,2.7,15m buy-side liquidity 3364.94800 (x2),2025-06-04 04:30:00,2025-06-04 13:15:00,3351.2,2.69,1.75,3346.195,3362.948,,XAUUSD
P80,XAUUSD,LONG,2025-06-05 14:00:00,2025-06-05 14:00:00,3383.048,3373.82,3373.82,3373.82,3403.18,0.97,-895.1159999999622,-1.0109553023663256,stop,1H,first_candle,5m,2.23,15m buy-side liquidity 3403.17800 (x1),2025-06-05 13:45:00,2025-06-05 13:55:00,3382.85,2.23,0.97,3373.825,3387.948,,XAUUSD
P81,XAUUSD,LONG,2025-06-05 14:45:00,2025-06-05 15:05:00,3384.748,3373.82,3373.82,3373.82,3414.7,0.81,-885.1679999999538,-1.0092353158477856,stop,1H,first_candle,15m,2.78,4H buy-side liquidity 3414.70500 (x1),2025-06-05 13:45:00,2025-06-05 14:30:00,3384.55,2.78,0.8,3373.825,3387.948,,XAUUSD
P82,XAUUSD,LONG,2025-06-06 09:30:00,2025-06-06 10:10:00,3363.898,3359.24,3359.24,3359.24,3375.35,1.9,-885.0199999999813,-1.0219394471258922,stop,1D,BMS,15m,2.55,1H buy-side liquidity 3375.34800 (x1),2025-06-05 05:15:00,2025-06-06 09:15:00,3363.7,2.56,1.9,3299.955,3366.015,,XAUUSD
P83,XAUUSD,LONG,2025-06-09 08:00:00,2025-06-11 23:35:00,3324.405,3367.56,3299.95,3299.95,3367.56,0.35,1510.425000000007,1.7719154177786904,take_profit,1D,BOS,15m,1.78,1H buy-side liquidity 3367.55900 (x1),2025-06-05 20:40:00,2025-06-09 07:45:00,3324.2,1.78,0.35,3299.955,3366.015,,XAUUSD
P84,XAUUSD,LONG,2025-06-12 08:50:00,2025-06-12 11:25:00,3342.615,3375.66,3323.65,3323.65,3375.66,0.46,1520.0700000000031,1.7516565067585632,take_profit,1H,first_candle,5m,1.76,15m buy-side liquidity 3375.65500 (x2),2025-06-12 08:40:00,2025-06-12 08:45:00,3342.41,1.76,0.46,3323.648,3348.895,,XAUUSD
P85,XAUUSD,LONG,2025-06-18 07:55:00,2025-06-18 08:25:00,3384.415,3379.05,3379.05,3379.05,3399.95,1.68,-901.3199999999632,-1.0189933523266512,stop,1H,BMS,5m,2.98,1H buy-side liquidity 3399.94800 (x1),2025-06-18 06:00:00,2025-06-18 07:50:00,3384.22,2.99,1.68,3379.048,3392.298,,XAUUSD
P86,XAUUSD,LONG,2025-06-18 09:00:00,2025-06-18 10:45:00,3385.895,3379.05,3379.05,3379.05,3399.95,1.3,-889.849999999974,-1.0148257968865555,stop,1D,BOS,15m,2.11,1H buy-side liquidity 3399.94800 (x2),2025-06-16 21:40:00,2025-06-18 08:45:00,3385.7,2.11,1.3,3338.59,3403.625,,XAUUSD
P87,XAUUSD,LONG,2025-06-23 13:15:00,2025-06-23 13:35:00,3369.098,3357.41,3357.41,3357.41,3387.8,0.75,-876.6000000000076,-1.0086296168449962,stop,1H,BS,15m,1.63,1H buy-side liquidity 3387.79800 (x1),2025-06-23 13:00:00,2025-06-23 13:00:00,3368.9,1.63,0.75,3357.405,3378.891,,XAUUSD
P88,XAUUSD,LONG,2025-06-23 14:35:00,2025-06-23 23:00:00,3374.025,3357.41,3357.41,3357.41,3451.53,0.52,-863.9799999999886,-1.0060551014229375,stop,1D,BMS,4H,3.05,1D buy-side liquidity 3451.52500 (x1),2025-06-20 04:15:00,2025-06-23 09:00:00,3380.55,4.71,0.37,3338.59,3403.625,,XAUUSD
P89,XAUUSD,LONG,2025-07-24 08:15:00,2025-07-24 08:30:00,3377.265,3374.36,3374.36,3374.36,3385.64,3.04,-883.1199999999226,-1.035650623885854,stop,4H,BMS,5m,3.05,15m buy-side liquidity 3385.64500 (x1),2025-07-23 17:00:00,2025-07-24 08:10:00,3377.07,3.06,3.04,3374.355,3391.145,,XAUUSD
P90,XAUUSD,LONG,2025-07-24 10:00:00,2025-07-24 10:25:00,3369.685,3362.59,3362.59,3362.59,3438.66,1.2,-851.399999999976,-1.0142959256611606,stop,4H,first_candle,1H,9.88,4H buy-side liquidity 3438.65500 (x1),2025-07-24 04:05:00,2025-07-24 09:00:00,3369.49,9.89,1.2,3362.595,3374.355,,XAUUSD
P91,XAUUSD,LONG,2025-07-24 10:55:00,2025-07-25 09:15:00,3362.525,3350.4,3350.4,3350.4,3393.16,0.69,-836.6249999999685,-1.0083160083159934,stop,4H,first_candle,15m,2.38,1H buy-side liquidity 3393.16500 (x1),2025-07-24 10:25:00,2025-07-24 10:30:00,3362.97,2.56,0.66,3350.398,3362.595,,XAUUSD
P92,XAUUSD,LONG,2025-07-25 09:55:00,2025-07-25 12:25:00,3345.955,3340.49,3340.49,3340.49,3373.3,1.54,-841.6100000000224,-1.0186393289841216,stop,1H,first_candle,15m,3.56,1H buy-side liquidity 3373.29500 (x1),2025-07-25 09:25:00,2025-07-25 09:30:00,3347.6,5.13,1.14,3340.485,3346.025,,XAUUSD
P93,XAUUSD,SHORT,2025-08-20 08:10:00,2025-08-20 13:30:00,3324.498,3340.35,3340.35,3340.35,3281.43,0.51,-808.451999999993,-0.9937311935807422,stop,4H,BS,1H,2.36,4H sell-side liquidity 3281.43500 (x1),2025-08-20 07:00:00,2025-08-20 07:00:00,3322.91,2.7,0.46,3324.245,3340.348,,XAUUSD
P94,XAUUSD,LONG,2025-09-02 07:45:00,2025-09-02 08:50:00,3485.775,3476.62,3476.62,3476.62,3500.2,0.89,-814.7949999999773,-1.0110436223080972,stop,1H,first_candle,15m,1.62,1D buy-side liquidity 3500.20000 (x1),2025-09-02 04:15:00,2025-09-02 07:30:00,3485.57,1.62,0.89,3476.625,3490.928,,XAUUSD
P95,XAUUSD,LONG,2025-09-17 08:05:00,2025-09-17 09:35:00,3672.995,3662.78,3662.78,3662.78,3695.18,0.79,-806.9849999999756,-1.0098863074641442,stop,1H,first_candle,15m,1.66,1H buy-side liquidity 3695.18500 (x1),2025-09-17 03:35:00,2025-09-17 07:45:00,3674.89,2.21,0.65,3662.785,3674.435,,XAUUSD
P96,XAUUSD,LONG,2025-09-17 10:15:00,2025-09-17 11:10:00,3668.375,3662.78,3662.78,3662.78,3677.18,1.44,-805.6799999999712,-1.0181983621473738,stop,1H,BMS,5m,1.64,15m buy-side liquidity 3677.17500 (x1),2025-09-17 03:35:00,2025-09-17 10:10:00,3668.18,1.64,1.44,3662.785,3674.435,,XAUUSD
P97,XAUUSD,LONG,2025-09-18 08:10:00,2025-09-18 08:45:00,3640.935,3658.95,3630.3,3630.3,3658.95,0.74,1333.1099999999906,1.7100142382534378,take_profit,4H,BMS,5m,1.73,15m buy-side liquidity 3658.94500 (x1),2025-09-17 19:50:00,2025-09-18 08:05:00,3640.74,1.73,0.74,3630.295,3647.645,,XAUUSD
P98,XAUUSD,LONG,2025-09-18 11:05:00,2025-09-18 14:25:00,3671.985,3653.51,3653.51,3653.51,3707.31,0.43,-794.4249999999765,-1.0054421768707384,stop,4H,BOS,5m,1.93,15m buy-side liquidity 3707.30800 (x1),2025-09-17 03:35:00,2025-09-18 11:00:00,3671.78,1.93,0.43,3636.598,3674.435,,XAUUSD
P99,XAUUSD,LONG,2025-09-19 08:15:00,2025-09-19 13:50:00,3649.355,3645.03,3645.03,3645.03,3661.03,1.87,-808.774999999966,-1.0236686390532117,stop,4H,BMS,5m,2.81,15m buy-side liquidity 3661.02500 (x1),2025-09-17 20:55:00,2025-09-19 08:10:00,3649.16,2.81,1.87,3636.598,3674.435,,XAUUSD
P100,XAUUSD,LONG,2025-09-30 09:15:00,2025-09-30 09:20:00,3837.935,3830.8,3830.8,3830.8,3871.51,1.11,-791.9849999999739,-1.014214641080287,stop,1H,first_candle,5m,4.8,15m buy-side liquidity 3871.50500 (x1),2025-09-30 09:05:00,2025-09-30 09:10:00,3837.74,4.8,1.11,3830.798,3837.795,,XAUUSD
P101,XAUUSD,LONG,2025-10-01 14:40:00,2025-10-01 15:45:00,3871.485,3858.8,3858.8,3858.8,3895.14,0.61,-773.7849999999689,-1.0079459674215194,stop,1H,first_candle,15m,2.29,1H buy-side liquidity 3895.14500 (x1),2025-10-01 12:30:00,2025-10-01 14:15:00,3869.76,1.9,0.7,3858.805,3878.835,,XAUUSD
P102,XAUUSD,LONG,2025-10-03 09:15:00,2025-10-05 23:55:00,3861.765,3896.96,3843.72,3843.72,3896.96,0.42,1478.1900000000069,1.961270548899396,take_profit,1H,BS,15m,1.97,1H buy-side liquidity 3896.95800 (x1),2025-10-03 09:00:00,2025-10-03 09:00:00,3861.57,1.97,0.42,3843.725,3863.455,,XAUUSD
P103,XAUUSD,LONG,2025-10-07 07:00:00,2025-10-07 07:00:00,3964.685,3960.64,3960.64,3960.64,3977.12,1.98,-800.9100000000144,-1.025348542458761,stop,1H,first_candle,15m,3.2,1H buy-side liquidity 3977.12500 (x1),2025-10-07 06:05:00,2025-10-07 06:45:00,3964.49,3.2,1.98,3960.635,3971.265,,XAUUSD
P104,XAUUSD,LONG,2025-10-10 11:15:00,2025-10-13 00:05:00,3992.785,4057.76,3969.93,3969.93,4057.76,0.34,2209.1500000000124,2.8554163920017483,take_profit,1H,BS,15m,2.86,1H buy-side liquidity 4057.76500 (x1),2025-10-10 11:00:00,2025-10-10 11:00:00,3992.59,2.86,0.34,3969.935,3994.175,,XAUUSD
P105,XAUUSD,LONG,2025-10-21 09:20:00,2025-10-21 13:10:00,4264.804999999999,4234.31,4234.31,4234.31,4344.09,0.26,-792.8699999999735,-1.0032900148050607,stop,1H,first_candle,5m,2.62,15m buy-side liquidity 4344.08500 (x2),2025-10-21 09:10:00,2025-10-21 09:15:00,4264.6,2.62,0.26,4234.305,4265.915,,XAUUSD
P106,XAUUSD,LONG,2025-12-12 15:35:00,2025-12-12 16:00:00,4304.775,4276.2,4276.2,4276.2,4353.32,0.27,-771.5249999999951,-1.0035118525021884,stop,4H,first_candle,5m,1.71,15m buy-side liquidity 4353.32500 (x1),2025-12-12 15:20:00,2025-12-12 15:30:00,4304.57,1.71,0.27,4276.198,4314.565,,XAUUSD
P107,XAUUSD,LONG,2025-12-16 12:25:00,2025-12-16 14:00:00,4291.724999999999,4317.69,4276.2,4276.2,4317.69,0.5,1298.2500000000073,1.6833063209076469,take_profit,4H,BMS,15m,2.61,1H buy-side liquidity 4317.69500 (x1),2025-12-15 15:00:00,2025-12-16 12:00:00,4287.61,1.7,0.68,4276.198,4314.565,,XAUUSD
P108,XAUUSD,LONG,2025-12-23 12:25:00,2025-12-23 13:50:00,4485.525,4478.06,4478.06,4478.06,4497.35,1.08,-806.2199999999175,-1.013577732518646,stop,1H,first_candle,5m,1.63,15m buy-side liquidity 4497.34500 (x1),2025-12-23 12:00:00,2025-12-23 12:20:00,4485.32,1.63,1.08,4478.055,4492.995,,XAUUSD
P109,XAUUSD,LONG,2025-12-29 14:45:00,2025-12-29 15:05:00,4373.655,4336.64,4336.64,4336.64,4467.53,0.21,-777.3149999999878,-1.0027089259108717,stop,4H,first_candle,5m,2.55,15m buy-side liquidity 4467.53500 (x2),2025-12-29 14:30:00,2025-12-29 14:40:00,4373.45,2.55,0.21,4336.635,4378.345,,XAUUSD
P110,XAUUSD,LONG,2026-01-16 15:40:00,2026-01-18 23:00:00,4548.045,4615.97,4511.9,4511.9,4615.97,0.21,1426.4250000000038,1.8844499930641976,take_profit,4H,first_candle,5m,1.89,1H buy-side liquidity 4615.96500 (x1),2026-01-16 15:30:00,2026-01-16 15:35:00,4547.85,1.89,0.21,4511.898,4561.355,,XAUUSD
P111,XAUUSD,LONG,2026-01-29 15:40:00,2026-01-29 15:40:00,5202.695,5201.38,5201.38,5201.38,5549.34,6.53,-858.6949999997387,-1.0823045267488365,stop,4H,first_candle,5m,286.65,15m buy-side liquidity 5549.33500 (x1),2026-01-29 15:15:00,2026-01-29 15:35:00,5202.49,285.47,6.56,5201.375,5311.245,,XAUUSD
P112,XAUUSD,LONG,2026-01-30 09:50:00,2026-01-30 09:50:00,4981.398,4977.93,4977.93,4977.93,5185.66,2.33,-808.0439999999644,-1.029691211401371,stop,1H,first_candle,5m,60.67,15m buy-side liquidity 5185.66500 (x1),2026-01-30 09:40:00,2026-01-30 09:45:00,4981.2,60.71,2.33,4977.925,5001.098,,XAUUSD
P113,XAUUSD,LONG,2026-03-02 09:20:00,2026-03-02 14:10:00,5391.355,5363.39,5363.39,5363.39,5596.81,0.27,-755.0549999999794,-1.0035887313834495,stop,1H,BS,15m,6.51,4H buy-side liquidity 5596.80500 (x1),2026-03-02 08:55:00,2026-03-02 09:00:00,5394.4,7.38,0.24,5363.385,5392.995,,XAUUSD
P114,XAUUSD,LONG,2026-03-03 11:15:00,2026-03-03 11:25:00,5197.758,5168.15,5168.15,5168.15,5287.56,0.26,-769.8080000000045,-1.003388911481626,stop,4H,first_candle,5m,3.05,15m buy-side liquidity 5287.55500 (x1),2026-03-03 11:05:00,2026-03-03 11:10:00,5197.56,3.05,0.26,5168.155,5213.535,,XAUUSD
P115,XAUUSD,LONG,2026-03-03 11:40:00,2026-03-03 14:40:00,5132.718,5096.96,5096.96,5096.96,5287.56,0.21,-750.917999999996,-1.0028044197655457,stop,4H,first_candle,5m,4.35,15m buy-side liquidity 5287.55500 (x1),2026-03-03 11:25:00,2026-03-03 11:35:00,5132.52,4.35,0.21,5096.958,5151.655,,XAUUSD
P116,XAUUSD,LONG,2026-03-03 15:15:00,2026-03-15 23:20:00,5039.405,4981.67,4981.67,4981.67,5335.73,0.13,-750.5549999999957,-1.0017350568231078,stop,1D,first_candle,15m,5.15,1H buy-side liquidity 5335.73500 (x1),2026-03-03 11:25:00,2026-03-03 15:00:00,5039.2,5.14,0.13,4981.67,5117.815,,XAUUSD
P117,XAUUSD,SHORT,2026-03-20 11:10:00,2026-03-20 18:50:00,4663.555,4502.11,4700.26,4663.555,4502.11,0.2,3228.9000000000124,4.386496399945685,take_profit,4H,BMS,1H,2.59,4H sell-side liquidity 4502.10800 (x1),2026-03-19 19:05:00,2026-03-20 10:00:00,4645.14,4.39,0.13,4654.355,4853.635,,XAUUSD
P118,XAUUSD,SHORT,2026-03-23 11:25:00,2026-03-23 11:25:00,4375.548,4379.8,4379.8,4379.8,4274.02,1.79,-761.1080000000729,-0.9770220588235315,stop,1H,first_candle,5m,23.34,1D sell-side liquidity 4274.02500 (x1),2026-03-23 11:05:00,2026-03-23 11:20:00,4375.55,23.33,1.79,4309.955,4379.795,,XAUUSD
P119,XAUUSD,SHORT,2026-03-26 15:00:00,2026-03-27 15:10:00,4464.695,4522.1,4522.1,4522.1,4305.56,0.13,-746.2650000000085,-0.9982610207808016,stop,4H,BS,1H,2.77,4H sell-side liquidity 4305.56500 (x1),2026-03-26 13:45:00,2026-03-26 14:00:00,4464.69,2.77,0.13,4456.505,4522.095,,XAUUSD
P120,XAUUSD,SHORT,2026-06-08 07:05:00,2026-06-08 14:35:00,4303.425,4345.6,4345.6,4345.6,4099.12,0.18,-759.1500000000033,-0.9976345357776464,stop,1H,BS,5m,4.83,1D sell-side liquidity 4099.12500 (x1),2026-06-08 07:00:00,2026-06-08 07:00:00,4303.43,4.83,0.18,4299.798,4345.595,,XAUUSD
P121,XAUUSD,SHORT,2026-06-09 07:15:00,2026-06-09 07:20:00,4341.045,4345.6,4345.6,4345.6,4324.01,1.62,-737.9100000000471,-0.9785177228786266,stop,1H,BMS,5m,3.66,15m sell-side liquidity 4324.00500 (x1),2026-06-08 07:00:00,2026-06-09 07:10:00,4341.05,3.66,1.62,4299.798,4345.595,,XAUUSD
P122,XAUUSD,SHORT,2026-06-09 07:30:00,2026-06-09 08:15:00,4338.795,4324.01,4345.6,4345.6,4324.01,1.08,1596.7799999999845,2.141202027516181,take_profit,1H,BOS,5m,2.14,15m sell-side liquidity 4324.00500 (x1),2026-06-08 07:00:00,2026-06-09 07:25:00,4338.8,2.14,1.08,4299.798,4345.595,,XAUUSD
P123,XAUUSD,SHORT,2026-06-10 10:35:00,2026-06-10 19:50:00,4176.695,4099.12,4207.88,4207.88,4099.12,0.24,1861.799999999996,2.479622822438831,take_profit,1H,BS,15m,1.59,1D sell-side liquidity 4099.12500 (x1),2026-06-10 10:10:00,2026-06-10 10:15:00,4166.02,2.48,0.18,4172.135,4207.875,,XAUUSD
P124,XAUUSD,SHORT,2026-06-19 08:40:00,2026-06-19 09:20:00,4156.935,4177.06,4177.06,4177.06,4099.12,0.38,-764.75,-0.9950556242274412,stop,1H,first_candle,15m,2.13,1M sell-side liquidity 4099.12500 (x1),2026-06-19 08:00:00,2026-06-19 08:15:00,4152.19,2.86,0.31,4155.065,4177.065,,XAUUSD
P125,XAUUSD,SHORT,2026-09-15 09:00:00,2026-09-15 19:40:00,4280.655,4307.42,4307.42,4307.42,4019.24,0.28,-749.4200000000093,-0.9962776847198958,stop,1M,BOS,4H,9.73,1D sell-side liquidity 4019.24000 (x1),2026-09-11 21:40:00,2026-09-15 05:00:00,4280.65,9.73,0.28,4099.125,4541.63,,XAUUSD
P126,XAUUSD,SHORT,2026-09-21 07:00:00,2026-09-25 01:00:00,4350.535,4265.175,4541.63,4541.63,3942.1,0.04,341.4399999999987,0.4464551897277625,end_of_data,1M,BS,1D,2.67,1W sell-side liquidity 3942.10000 (x1),2026-09-17 19:40:00,2026-09-17 21:00:00,4378.39,2.14,0.04,4099.125,4541.63,,XAUUSD
