chart,trade,opened_at,direction,poi_tf,confirmation,planned_rr,result_r,exit
EURUSD_001_20230414_0720_1H.png,P1,2023-04-14 07:20:00,LONG,4H,BS on 1H,1.45,-1.0,stop
EURUSD_002_20230828_0845_5m.png,P4,2023-08-28 08:45:00,SHORT,4H,BMS on 5m,0.81,0.84,take_profit
EURUSD_003_20240221_1200_5m.png,P8,2024-02-21 12:00:00,LONG,4H,BMS on 5m,3.19,3.03,take_profit
EURUSD_004_20240503_1145_15m.png,P12,2024-05-03 11:45:00,LONG,1H,BS on 15m,1.58,1.46,take_profit
EURUSD_005_20240705_1350_15m.png,P16,2024-07-05 13:50:00,LONG,1H,BMS on 15m,1.24,-1.0,stop
EURUSD_006_20241003_1325_5m.png,P19,2024-10-03 13:25:00,SHORT,1H,BMS on 5m,1.16,-1.0,stop
EURUSD_007_20241121_1500_1H.png,P23,2024-11-21 15:00:00,SHORT,4H,BS on 1H,1.39,1.47,take_profit
EURUSD_008_20250102_0800_5m.png,P27,2025-01-02 08:00:00,SHORT,1H,BMS on 5m,0.72,0.75,take_profit
EURUSD_009_20250307_1245_5m.png,P31,2025-03-07 12:45:00,LONG,1H,BMS on 5m,0.82,0.78,take_profit
EURUSD_010_20250417_0730_5m.png,P34,2025-04-17 07:30:00,LONG,4H,BMS on 5m,0.77,0.75,take_profit
EURUSD_011_20250528_0700_15m.png,P38,2025-05-28 07:00:00,LONG,1D,BMS on 15m,0.84,-1.0,stop
EURUSD_012_20250606_0750_5m.png,P42,2025-06-06 07:50:00,LONG,1H,BMS on 5m,0.84,-1.0,stop
EURUSD_013_20250626_1330_5m.png,P46,2025-06-26 13:30:00,LONG,1H,BMS on 5m,1.06,1.04,take_profit
EURUSD_014_20250707_1250_5m.png,P49,2025-07-07 12:50:00,LONG,4H,BMS on 5m,2.17,-1.0,stop
EURUSD_015_20250725_1320_5m.png,P53,2025-07-25 13:20:00,LONG,4H,BMS on 5m,0.76,0.74,take_profit
EURUSD_016_20250828_1305_4H.png,P57,2025-08-28 13:05:00,LONG,1W,BMS on 4H,3.96,0.0,breakeven
EURUSD_017_20250919_0820_5m.png,P61,2025-09-19 08:20:00,LONG,4H,BMS on 5m,0.97,-1.0,stop
EURUSD_018_20260108_1530_15m.png,P64,2026-01-08 15:30:00,SHORT,1H,BS on 15m,1.27,1.43,take_profit
EURUSD_019_20260414_1315_5m.png,P68,2026-04-14 13:15:00,LONG,1H,BS on 5m,2.06,-1.0,stop
EURUSD_020_20260803_0700_5m.png,P72,2026-08-03 07:00:00,LONG,1H,BMS on 5m,1.53,-1.0,stop
