id,symbol,direction,opened_at,closed_at,entry,exit,stop,final_stop,take_profit,lots,pnl,r,reason,poi_tf,confirmation,confirmation_tf,planned_rr,tp_source,touched_at,confirmed_at,entry_planned,rr_at_fill,lots_planned,poi_x,poi_b_low,poi_b_high,poi_p,poi_formed,visit,risk_amount,risk_budget,poi_low,poi_high,kronos,symbol_
P1,EURUSD,LONG,2023-04-14 07:20:00,2023-04-14 15:30:00,1.10679,1.09991,1.09991,1.09991,1.11849,1.43,-983.8399999999996,-1.0,stop,4H,BS,1H,1.45,1W buy-side liquidity 1.11849 (x1),2023-04-14 05:05:00,2023-04-14 06:00:00,1.10742,1.7005813953488442,1.31,1.10676,1.10006,1.10432,1.09991,2023-04-14 01:00:00,1,983.8399999999996,1000.0,1.09991,1.10676,,EURUSD
P2,EURUSD,SHORT,2023-06-01 08:20:00,2023-06-01 10:50:00,1.06752,1.07051,1.07051,1.07051,1.06355,3.2,-956.8000000000156,-1.0,stop,1H,BMS,5m,1.28,1H sell-side liquidity 1.06355 (x1),2023-05-31 18:35:00,2023-06-01 08:15:00,1.06752,1.327759197324403,3.2,1.06585,1.06672,1.06747,1.07051,2023-05-31 16:00:00,1,956.8000000000156,990.1616,1.06585,1.07051,,EURUSD
P3,EURUSD,LONG,2023-07-10 08:05:00,2023-07-10 10:20:00,1.09557,1.09695,1.09446,1.09446,1.09695,8.1,1117.8000000001286,1.2432432432434486,take_profit,1H,BMS,5m,1.33,1H buy-side liquidity 1.09695 (x1),2023-07-09 22:00:00,2023-07-10 08:00:00,1.09547,1.2432432432434486,8.83,1.09639,1.09539,1.09662,1.09446,2023-07-07 18:00:00,1,899.0999999999549,980.5935999999998,1.09446,1.09662,,EURUSD
P4,EURUSD,SHORT,2023-08-28 08:45:00,2023-08-29 13:25:00,1.08139,1.07906,1.08417,1.08417,1.07906,3.44,801.5200000000569,0.8381294964029358,take_profit,4H,BMS,5m,0.81,1H sell-side liquidity 1.07906 (x2),2023-08-25 01:05:00,2023-08-28 08:40:00,1.08139,0.8381294964029358,3.44,1.08025,1.08277,1.08416,1.08486,2023-08-24 21:00:00,1,956.3200000000016,991.7716000000012,1.08025,1.08486,,EURUSD
P5,EURUSD,SHORT,2023-09-04 07:15:00,2023-09-04 07:20:00,1.07864,1.0789,1.0789,1.0789,1.07716,27.77,-722.0199999997972,-1.0,stop,4H,BMS,5m,4.11,1H sell-side liquidity 1.07716 (x2),2023-09-03 22:15:00,2023-09-04 07:10:00,1.07864,5.692307692309861,27.77,1.07822,1.07773,1.07863,1.0789,2023-09-01 21:00:00,1,722.0199999997972,999.7868000000018,1.07773,1.0789,,EURUSD
P6,EURUSD,SHORT,2023-09-12 13:05:00,2023-09-12 21:30:00,1.07184,1.07464,1.07464,1.07464,1.06941,3.42,-957.6000000000464,-1.0,stop,4H,BS,5m,0.84,4H sell-side liquidity 1.06941 (x1),2023-09-12 13:00:00,2023-09-12 13:00:00,1.07184,0.8678571428570766,3.42,1.07154,1.07259,1.07375,1.07464,2023-09-12 09:00:00,1,957.6000000000464,992.566600000004,1.07154,1.07464,,EURUSD
P7,EURUSD,SHORT,2024-02-14 13:50:00,2024-02-14 14:30:00,1.07085,1.07173,1.07173,1.07173,1.06949,10.03,-882.6399999999918,-1.0,stop,1H,BMS,5m,1.39,1H sell-side liquidity 1.06949 (x1),2024-02-14 10:00:00,2024-02-14 13:45:00,1.07085,1.5454545454545914,10.03,1.07005,1.07081,1.07138,1.07173,2024-02-14 09:00:00,1,882.6399999999918,982.9906000000032,1.07005,1.07173,,EURUSD
P8,EURUSD,LONG,2024-02-21 12:00:00,2024-02-21 15:10:00,1.08,1.08191,1.07937,1.07937,1.08191,13.34,2547.939999999808,3.031746031745176,take_profit,4H,BMS,5m,3.19,1H buy-side liquidity 1.08191 (x1),2024-02-20 18:00:00,2024-02-21 11:55:00,1.0799,3.031746031745176,15.46,1.07985,1.07988,1.08091,1.07937,2024-02-20 14:00:00,1,840.420000000174,974.1642000000036,1.07937,1.08091,,EURUSD
P9,EURUSD,LONG,2024-03-11 14:55:00,2024-03-11 15:30:00,1.0925,1.09183,1.09183,1.09183,1.0948,12.98,-869.6599999999331,-1.0,stop,4H,BMS,5m,3.58,1H buy-side liquidity 1.09480 (x1),2024-03-08 07:25:00,2024-03-11 14:50:00,1.0924,3.43283582089574,14.92,1.09153,1.09019,1.09365,1.08692,2024-03-07 18:00:00,1,869.6599999999331,999.6436000000016,1.08692,1.09365,,EURUSD
P10,EURUSD,SHORT,2024-04-16 14:05:00,2024-04-16 18:30:00,1.06355,1.06023,1.06607,1.06607,1.06023,3.78,1254.9599999999962,1.3174603174602728,take_profit,4H,BMS,5m,1.27,1H sell-side liquidity 1.06023 (x1),2024-04-16 10:10:00,2024-04-16 14:00:00,1.06355,1.3174603174602728,3.78,1.06309,1.06474,1.06515,1.06607,2024-04-15 17:00:00,1,952.5600000000294,990.9470000000024,1.06309,1.06607,,EURUSD
P11,EURUSD,SHORT,2024-04-23 07:10:00,2024-04-23 08:25:00,1.06443,1.06623,1.06623,1.06623,1.06239,5.28,-950.4000000000126,-1.0,stop,4H,BS,5m,1.07,1H sell-side liquidity 1.06239 (x1),2024-04-22 17:00:00,2024-04-23 07:05:00,1.06443,1.1333333333333415,5.28,1.06401,1.06479,1.06524,1.06623,2024-04-22 13:00:00,1,950.4000000000126,1003.4966000000022,1.06401,1.06623,,EURUSD
P12,EURUSD,LONG,2024-05-03 11:45:00,2024-05-03 13:20:00,1.07406,1.07527,1.07323,1.07323,1.07527,10.68,1292.2799999999288,1.457831325300934,take_profit,1H,BS,15m,1.58,1H buy-side liquidity 1.07527 (x1),2024-05-03 11:25:00,2024-05-03 11:30:00,1.07396,1.457831325300934,11.97,1.07416,1.07381,1.07403,1.07323,2024-05-03 10:00:00,1,886.4400000001158,993.992600000002,1.07323,1.07416,,EURUSD
P13,EURUSD,LONG,2024-05-21 14:25:00,2024-05-21 14:30:00,1.08608,1.0855,1.0855,1.0855,1.08747,14.8,-858.4000000000369,-1.0,stop,4H,BMS,5m,2.57,1H buy-side liquidity 1.08747 (x1),2024-05-16 09:20:00,2024-05-21 14:20:00,1.08598,2.396551724137832,17.36,1.08665,1.08345,1.08561,1.0828,2024-05-15 17:00:00,1,858.4000000000369,1006.9154000000012,1.0828,1.08665,,EURUSD
P14,EURUSD,SHORT,2024-05-30 07:00:00,2024-05-30 08:45:00,1.079,1.08062,1.08062,1.08062,1.06011,5.8,-939.5999999999738,-1.0,stop,1W,BMS,1D,32.24,1W sell-side liquidity 1.06011 (x1),2024-04-23 08:30:00,2024-05-28 21:00:00,1.0801,11.660493827160728,16.1,1.0695,1.06901,1.07245,1.08851,2024-04-14 21:00:00,1,939.5999999999738,998.331400000001,1.06901,1.08851,,EURUSD
P15,EURUSD,SHORT,2024-06-11 07:00:00,2024-06-12 12:55:00,1.07655,1.07655,1.07749,1.07655,1.06011,9.5,-0.0,-0.0,breakeven,1W,BMS,1D,16.31,1W sell-side liquidity 1.06011 (x1),2024-04-23 08:30:00,2024-06-09 21:00:00,1.07658,17.489361702124402,9.79,1.0695,1.06901,1.07245,1.08851,2024-04-14 21:00:00,1,893.0000000001547,988.9354000000012,1.06901,1.08851,,EURUSD
P16,EURUSD,LONG,2024-07-05 13:50:00,2024-07-05 14:50:00,1.08246,1.08179,1.08179,1.08179,1.08521,12.84,-860.2799999999338,-1.0,stop,1H,BMS,15m,1.24,4H buy-side liquidity 1.08521 (x1),2024-07-05 09:15:00,2024-07-05 13:30:00,1.08326,4.104477611940659,6.29,1.08245,1.0818,1.08197,1.08179,2024-07-05 08:00:00,1,860.2799999999338,988.9354000000012,1.08179,1.08245,,EURUSD
P17,EURUSD,SHORT,2024-08-01 12:05:00,2024-08-01 13:30:00,1.07879,1.08021,1.08021,1.08021,1.07363,6.44,-914.479999999985,-1.0,stop,1H,BS,15m,2.53,4H sell-side liquidity 1.07363 (x1),2024-08-01 11:15:00,2024-08-01 11:45:00,1.07842,3.633802816901349,5.18,1.07982,1.07861,1.07991,1.08021,2024-08-01 10:00:00,1,914.479999999985,980.332600000002,1.07861,1.08021,,EURUSD
P18,EURUSD,LONG,2024-08-22 14:00:00,2024-08-22 14:45:00,1.1141,1.11244,1.11244,1.11244,1.11646,5.51,-914.6599999999972,-1.0,stop,1H,BMS,15m,1.48,1H buy-side liquidity 1.11646 (x1),2024-08-22 03:05:00,2024-08-22 13:45:00,1.114,1.4216867469879066,5.85,1.11287,1.11298,1.11415,1.11244,2024-08-21 17:00:00,1,914.6599999999972,971.187800000002,1.11244,1.11415,,EURUSD
P19,EURUSD,SHORT,2024-10-03 13:25:00,2024-10-03 13:30:00,1.1037,1.10465,1.10465,1.10465,1.10248,9.16,-870.2000000000058,-1.0,stop,1H,BMS,5m,1.16,1H sell-side liquidity 1.10248 (x1),2024-10-03 04:00:00,2024-10-03 13:20:00,1.1037,1.2842105263157797,9.16,1.10367,1.10406,1.10436,1.10465,2024-10-03 03:00:00,1,870.2000000000058,962.041200000002,1.10367,1.10465,,EURUSD
P20,EURUSD,SHORT,2024-10-14 07:50:00,2024-10-14 07:50:00,1.0927,1.09283,1.09283,1.09283,1.09153,41.44,-538.7199999998486,-1.0,stop,1H,BMS,5m,5.09,1H sell-side liquidity 1.09153 (x1),2024-10-14 02:35:00,2024-10-14 07:45:00,1.0927,9.000000000003416,41.44,1.0926,1.09243,1.0927,1.09283,2024-10-14 01:00:00,1,538.7199999998486,953.3392000000018,1.09243,1.09283,,EURUSD
P21,EURUSD,LONG,2024-11-01 15:15:00,2024-11-04 11:35:00,1.0857,1.09057,1.08113,1.08113,1.09057,2.02,983.7400000000308,1.0656455142232366,take_profit,1H,BMS,5m,1.09,1H buy-side liquidity 1.09057 (x1),2024-10-30 16:05:00,2024-11-01 15:10:00,1.0856,1.0656455142232366,2.07,1.08593,1.08294,1.0842,1.08113,2024-10-30 15:00:00,1,923.1399999999924,947.9520000000032,1.08113,1.08593,,EURUSD
P22,EURUSD,SHORT,2024-11-20 08:00:00,2024-11-20 15:45:00,1.05783,1.05233,1.06379,1.06379,1.05233,1.58,869.0000000000095,0.9228187919463242,take_profit,4H,BMS,1H,0.91,4H sell-side liquidity 1.05233 (x1),2024-11-14 15:20:00,2024-11-20 07:00:00,1.05783,0.9228187919463242,1.58,1.05951,1.05758,1.061,1.06379,2024-11-13 18:00:00,1,941.6799999999946,957.7894000000036,1.05758,1.06379,,EURUSD
P23,EURUSD,SHORT,2024-11-21 15:00:00,2024-11-21 16:05:00,1.05351,1.05068,1.05544,1.05544,1.05068,4.76,1347.0799999999467,1.4663212435232678,take_profit,4H,BS,1H,1.39,4H sell-side liquidity 1.05068 (x1),2024-11-21 14:00:00,2024-11-21 14:00:00,1.05351,1.4663212435232678,4.76,1.05233,1.05392,1.05457,1.05544,2024-11-21 10:00:00,1,918.679999999994,966.4794000000038,1.05233,1.05544,,EURUSD
P24,EURUSD,SHORT,2024-12-03 09:25:00,2024-12-04 13:45:00,1.05197,1.04807,1.05382,1.05382,1.04807,5.02,1957.800000000007,2.1081081081082216,take_profit,1H,BMS,5m,2.0,1H sell-side liquidity 1.04807 (x1),2024-12-02 16:20:00,2024-12-03 09:20:00,1.05197,2.1081081081082216,5.02,1.04959,1.05142,1.05202,1.05382,2024-12-02 14:00:00,1,928.6999999999534,979.9502000000032,1.04959,1.05382,,EURUSD
P25,EURUSD,SHORT,2024-12-19 09:55:00,2024-12-20 06:10:00,1.04128,1.03439,1.04924,1.04924,1.03439,1.24,854.3600000000079,0.8655778894472477,take_profit,4H,BMS,5m,0.85,1H sell-side liquidity 1.03439 (x1),2024-12-19 02:50:00,2024-12-19 09:50:00,1.04128,0.8655778894472477,1.24,1.04745,1.03799,1.04671,1.04924,2024-12-18 22:00:00,1,987.039999999996,999.5282000000032,1.03799,1.04924,,EURUSD
P26,EURUSD,SHORT,2024-12-20 09:05:00,2024-12-20 13:25:00,1.03886,1.04018,1.04018,1.04018,1.03545,7.09,-935.8800000001488,-1.0,stop,4H,BMS,5m,2.4,4H sell-side liquidity 1.03545 (x1),2024-12-19 02:50:00,2024-12-20 09:00:00,1.03886,2.5833333333328565,7.09,1.04745,1.03799,1.04671,1.04924,2024-12-18 22:00:00,1,935.8800000001488,1008.0718000000036,1.03799,1.04924,,EURUSD
P27,EURUSD,SHORT,2025-01-02 08:00:00,2025-01-02 10:30:00,1.03627,1.0343,1.03891,1.03891,1.0343,3.64,717.0800000000099,0.7462121212121384,take_profit,1H,BMS,5m,0.72,1D sell-side liquidity 1.03430 (x1),2024-12-31 19:10:00,2025-01-02 07:55:00,1.03627,0.7462121212121384,3.64,1.03717,1.03611,1.03747,1.03891,2024-12-31 16:00:00,1,960.9599999999912,998.713000000002,1.03611,1.03891,,EURUSD
P28,EURUSD,SHORT,2025-01-06 12:25:00,2025-01-08 11:20:00,1.04028,1.03076,1.04518,1.04518,1.03076,2.01,1913.520000000039,1.9428571428572208,take_profit,4H,BMS,5m,1.9,1H sell-side liquidity 1.03076 (x1),2024-12-19 02:50:00,2025-01-06 12:20:00,1.04028,1.9428571428572208,2.01,1.04745,1.03799,1.04671,1.04924,2024-12-18 22:00:00,1,984.8999999999804,1005.883800000002,1.03799,1.04924,,EURUSD
P29,EURUSD,LONG,2025-01-22 13:00:00,2025-01-22 14:10:00,1.0439,1.04199,1.04199,1.04199,1.04573,5.09,-972.1900000000398,-1.0,stop,1H,BMS,5m,1.01,1H buy-side liquidity 1.04573 (x1),2025-01-22 11:35:00,2025-01-22 12:55:00,1.0438,0.9581151832460332,5.36,1.04334,1.04239,1.04426,1.04199,2025-01-22 10:00:00,1,972.1900000000398,1025.0190000000025,1.04199,1.04426,,EURUSD
P30,EURUSD,LONG,2025-01-30 14:20:00,2025-01-31 09:00:00,1.04328,1.03719,1.03719,1.03719,1.05343,1.64,-998.7599999999882,-1.0,stop,4H,BMS,1H,0.91,4H buy-side liquidity 1.05343 (x2),2025-01-22 12:25:00,2025-01-30 13:00:00,1.04564,1.6666666666667032,1.18,1.04367,1.03778,1.04157,1.03728,2025-01-22 06:00:00,1,998.7599999999882,1015.297100000002,1.03728,1.04367,,EURUSD
P31,EURUSD,LONG,2025-03-07 12:45:00,2025-03-07 13:30:00,1.08515,1.08714,1.08259,1.08259,1.08714,3.77,750.229999999976,0.7773437499999394,take_profit,1H,BMS,5m,0.82,1H buy-side liquidity 1.08714 (x1),2025-03-07 11:05:00,2025-03-07 12:40:00,1.08505,0.7773437499999394,3.92,1.08534,1.08406,1.08445,1.08259,2025-03-07 09:00:00,1,965.1200000000445,1005.309500000002,1.08259,1.08534,,EURUSD
P32,EURUSD,LONG,2025-04-11 11:15:00,2025-04-11 11:35:00,1.1372,1.13488,1.13488,1.13488,1.1495,4.18,-969.7599999999488,-1.0,stop,1H,BS,15m,5.34,1M buy-side liquidity 1.14950 (x1),2025-04-11 11:00:00,2025-04-11 11:00:00,1.1371,5.301724137931305,4.36,1.13852,1.13688,1.13847,1.13488,2025-04-11 10:00:00,1,969.7599999999488,1012.8118000000018,1.13488,1.13852,,EURUSD
P33,EURUSD,LONG,2025-04-11 11:45:00,2025-04-11 17:20:00,1.13343,1.12839,1.12839,1.12839,1.1495,1.95,-982.7999999999868,-1.0,stop,1H,BS,15m,3.21,1M buy-side liquidity 1.14950 (x1),2025-04-11 11:30:00,2025-04-11 11:30:00,1.13333,3.1884920634921112,1.99,1.13541,1.12902,1.13488,1.12839,2025-04-11 09:00:00,1,982.7999999999868,1003.1142000000024,1.12839,1.13541,,EURUSD
P34,EURUSD,LONG,2025-04-17 07:30:00,2025-04-20 22:25:00,1.1359,1.1409,1.12925,1.12925,1.1409,1.47,735.0000000000168,0.7518796992481577,take_profit,4H,BMS,5m,0.77,1H buy-side liquidity 1.14090 (x1),2025-04-16 09:00:00,2025-04-17 07:25:00,1.1358,0.7518796992481577,1.49,1.13789,1.1299,1.13326,1.12925,2025-04-16 05:00:00,1,977.549999999974,993.2862000000024,1.12925,1.13789,,EURUSD
P35,EURUSD,LONG,2025-04-22 12:50:00,2025-04-22 17:20:00,1.14991,1.14488,1.14488,1.14488,1.15498,1.95,-980.8500000000176,-1.0,stop,4H,BMS,5m,1.03,1H buy-side liquidity 1.15498 (x2),2025-04-21 15:35:00,2025-04-22 12:45:00,1.14981,1.0079522862822698,1.98,1.14736,1.14582,1.14987,1.14488,2025-04-21 05:00:00,1,980.8500000000176,1000.6362000000024,1.14488,1.14987,,EURUSD
P36,EURUSD,SHORT,2025-05-16 11:00:00,2025-05-16 15:35:00,1.11944,1.117,1.1213,1.1213,1.117,5.05,1232.199999999999,1.3118279569892652,take_profit,4H,BMS,5m,1.24,1H sell-side liquidity 1.11700 (x1),2025-05-15 01:00:00,2025-05-16 10:55:00,1.11944,1.3118279569892652,5.05,1.11798,1.1188,1.11973,1.1213,2025-05-14 21:00:00,1,939.2999999999862,990.8277000000024,1.11798,1.1213,,EURUSD
P37,EURUSD,LONG,2025-05-27 07:05:00,2025-05-27 07:50:00,1.13853,1.13743,1.13743,1.13743,1.14071,8.35,-918.5000000000842,-1.0,stop,1H,BMS,5m,2.07,1H buy-side liquidity 1.14071 (x1),2025-05-26 09:20:00,2025-05-27 07:00:00,1.13843,1.9818181818178624,9.11,1.13754,1.13816,1.13878,1.13743,2025-05-26 02:00:00,1,918.5000000000842,1003.1497000000024,1.13743,1.13878,,EURUSD
P38,EURUSD,LONG,2025-05-28 07:00:00,2025-05-29 00:10:00,1.13157,1.1279,1.1279,1.1279,1.13454,2.63,-965.2100000000164,-1.0,stop,1D,BMS,15m,0.84,1H buy-side liquidity 1.13454 (x1),2025-05-26 22:00:00,2025-05-28 06:45:00,1.13147,0.809264305177136,2.7,1.13813,1.1345,1.13624,1.1279,2025-05-25 21:00:00,1,965.2100000000164,993.9647000000016,1.1279,1.13813,,EURUSD
P39,EURUSD,LONG,2025-06-03 07:20:00,2025-06-03 08:30:00,1.14285,1.14189,1.14189,1.14189,1.14544,9.28,-890.8799999998607,-1.0,stop,1H,BMS,5m,2.8,1H buy-side liquidity 1.14544 (x1),2025-06-02 22:00:00,2025-06-03 07:15:00,1.14275,2.6979166666671848,10.25,1.14368,1.14257,1.14335,1.14189,2025-06-02 20:00:00,1,890.8799999998607,984.3126000000012,1.14189,1.14368,,EURUSD
P40,EURUSD,LONG,2025-06-04 07:30:00,2025-06-04 08:25:00,1.13735,1.13931,1.13596,1.13596,1.13931,6.54,1281.8399999999751,1.4100719424460133,take_profit,4H,BMS,5m,1.48,1H buy-side liquidity 1.13931 (x1),2025-06-02 14:25:00,2025-06-04 07:25:00,1.13725,1.4100719424460133,7.01,1.13669,1.13819,1.14092,1.13596,2025-06-02 09:00:00,1,909.0600000000017,975.4038000000028,1.13596,1.14092,,EURUSD
P41,EURUSD,LONG,2025-06-05 07:15:00,2025-06-05 13:15:00,1.14179,1.14347,1.14004,1.14004,1.14347,5.34,897.1199999999487,0.959999999999868,take_profit,1H,BMS,5m,1.02,1H buy-side liquidity 1.14347 (x1),2025-06-04 17:00:00,2025-06-05 07:10:00,1.14169,0.959999999999868,5.64,1.14322,1.14134,1.14168,1.14004,2025-06-04 16:00:00,1,934.5000000000748,988.2222000000024,1.14004,1.14322,,EURUSD
P42,EURUSD,LONG,2025-06-06 07:50:00,2025-06-06 09:45:00,1.14399,1.14181,1.14181,1.14181,1.14572,4.37,-952.660000000031,-1.0,stop,1H,BMS,5m,0.84,1H buy-side liquidity 1.14572 (x1),2025-06-05 16:00:00,2025-06-06 07:45:00,1.14389,0.7935779816513546,4.57,1.14347,1.14485,1.14542,1.14181,2025-06-05 15:00:00,1,952.660000000031,997.193400000002,1.14181,1.14542,,EURUSD
P43,EURUSD,LONG,2025-06-10 11:10:00,2025-06-10 13:00:00,1.14127,1.14355,1.13912,1.13912,1.14355,4.38,998.640000000026,1.0604651162790502,take_profit,1H,BS,5m,1.11,1H buy-side liquidity 1.14355 (x1),2025-06-10 11:05:00,2025-06-10 11:05:00,1.14117,1.0604651162790502,4.59,1.14146,1.13996,1.14035,1.13912,2025-06-10 10:00:00,1,941.7000000000422,987.6668000000016,1.13912,1.14146,,EURUSD
P44,EURUSD,LONG,2025-06-13 07:05:00,2025-06-13 10:40:00,1.15391,1.1523,1.1523,1.1523,1.15734,5.83,-938.6299999999354,-1.0,stop,4H,BMS,5m,2.19,1W buy-side liquidity 1.15734 (x1),2025-06-12 17:45:00,2025-06-13 07:00:00,1.15381,2.130434782608869,6.19,1.1547,1.15326,1.15673,1.1523,2025-06-12 13:00:00,1,938.6299999999354,997.653200000002,1.1523,1.15673,,EURUSD
P45,EURUSD,LONG,2025-06-23 08:15:00,2025-06-23 08:15:00,1.15018,1.14905,1.14905,1.14905,1.15439,8.03,-907.3900000000604,-1.0,stop,1H,BS,15m,3.81,1H buy-side liquidity 1.15439 (x1),2025-06-23 08:00:00,2025-06-23 08:00:00,1.15008,3.725663716813952,8.74,1.15073,1.14963,1.15034,1.14905,2025-06-23 07:00:00,1,907.3900000000604,988.2669000000028,1.14905,1.15073,,EURUSD
P46,EURUSD,LONG,2025-06-26 13:30:00,2025-06-27 13:55:00,1.17076,1.17449,1.16716,1.16716,1.17449,2.64,984.7200000000032,1.0361111111111003,take_profit,1H,BMS,5m,1.06,1H buy-side liquidity 1.17449 (x1),2025-06-26 10:15:00,2025-06-26 13:25:00,1.17066,1.0361111111111003,2.71,1.17174,1.16859,1.16913,1.16716,2025-06-26 09:00:00,1,950.4000000000126,979.193000000002,1.16716,1.17174,,EURUSD
P47,EURUSD,LONG,2025-06-30 14:15:00,2025-06-30 16:15:00,1.17181,1.17539,1.16716,1.16716,1.17539,2.08,744.6399999999826,0.7698924731182545,take_profit,1H,BMS,5m,0.79,1H buy-side liquidity 1.17539 (x2),2025-06-26 10:15:00,2025-06-30 14:10:00,1.17171,0.7698924731182545,2.12,1.17174,1.16859,1.16913,1.16716,2025-06-26 09:00:00,1,967.2000000000088,989.040200000002,1.16716,1.17174,,EURUSD
P48,EURUSD,LONG,2025-07-04 07:05:00,2025-07-04 08:30:00,1.17772,1.17693,1.17693,1.17693,1.181,11.19,-884.0099999998281,-1.0,stop,1H,BS,5m,4.28,1H buy-side liquidity 1.18100 (x2),2025-07-04 07:00:00,2025-07-04 07:00:00,1.17762,4.15189873417824,12.61,1.17712,1.17725,1.17797,1.17693,2025-07-04 06:00:00,1,884.0099999998281,996.486600000002,1.17693,1.17797,,EURUSD
P49,EURUSD,LONG,2025-07-07 12:50:00,2025-07-07 17:45:00,1.17339,1.17075,1.17075,1.17075,1.17901,3.6,-950.3999999999912,-1.0,stop,4H,BMS,5m,2.17,1H buy-side liquidity 1.17901 (x1),2025-07-02 12:45:00,2025-07-07 12:45:00,1.17329,2.1287878787878824,3.74,1.17539,1.17328,1.17488,1.17075,2025-06-30 17:00:00,1,950.3999999999912,987.6465000000036,1.17075,1.17539,,EURUSD
P50,EURUSD,LONG,2025-07-08 07:55:00,2025-07-08 14:20:00,1.17425,1.17088,1.17088,1.17088,1.17901,2.81,-946.9700000000267,-1.0,stop,4H,BMS,5m,1.44,1H buy-side liquidity 1.17901 (x1),2025-07-02 12:45:00,2025-07-08 07:50:00,1.17415,1.4124629080117923,2.9,1.17539,1.17328,1.17488,1.17075,2025-06-30 17:00:00,1,946.9700000000267,978.1425000000036,1.17075,1.17539,,EURUSD
P51,EURUSD,LONG,2025-07-23 12:45:00,2025-07-23 14:35:00,1.17314,1.17144,1.17144,1.17144,1.17559,5.38,-914.6000000000188,-1.0,stop,1H,BMS,5m,1.5,1H buy-side liquidity 1.17559 (x2),2025-07-22 18:30:00,2025-07-23 12:40:00,1.17304,1.4411764705881125,5.69,1.17433,1.17265,1.17446,1.17144,2025-07-22 17:00:00,1,914.6000000000188,968.6728000000032,1.17144,1.17446,,EURUSD
P52,EURUSD,LONG,2025-07-24 14:25:00,2025-07-24 15:00:00,1.17621,1.178,1.17429,1.17429,1.178,4.75,850.2499999999801,0.932291666666683,take_profit,4H,BMS,5m,0.98,1H buy-side liquidity 1.17800 (x1),2025-07-24 01:30:00,2025-07-24 14:20:00,1.17611,0.932291666666683,4.99,1.17607,1.17579,1.17662,1.17429,2025-07-23 21:00:00,1,911.9999999999628,959.5268000000032,1.17429,1.17662,,EURUSD
P53,EURUSD,LONG,2025-07-25 13:20:00,2025-07-27 22:30:00,1.17259,1.17609,1.16788,1.16788,1.17609,2.01,703.5000000000116,0.7430997876857887,take_profit,4H,BMS,5m,0.76,1H buy-side liquidity 1.17609 (x1),2025-07-23 00:30:00,2025-07-25 13:15:00,1.17249,0.7430997876857887,2.05,1.17166,1.17092,1.17417,1.16788,2025-07-22 17:00:00,1,946.7099999999982,968.029300000003,1.16788,1.17417,,EURUSD
P54,EURUSD,LONG,2025-08-07 13:00:00,2025-08-22 05:25:00,1.16455,1.15841,1.15841,1.15841,1.18299,1.56,-957.8400000000054,-1.0,stop,1W,BMS,1D,2.2,1W buy-side liquidity 1.18299 (x1),2025-07-07 17:45:00,2025-08-05 21:00:00,1.16602,3.0032573289902134,1.26,1.15734,1.16148,1.1708,1.14536,2025-06-29 21:00:00,1,957.8400000000054,975.0643000000032,1.14536,1.1708,,EURUSD
P55,EURUSD,LONG,2025-08-25 07:05:00,2025-08-25 08:55:00,1.1707,1.1697,1.1697,1.1697,1.17425,8.77,-877.0000000000981,-1.0,stop,4H,BMS,5m,3.65,1H buy-side liquidity 1.17425 (x1),2025-08-24 23:40:00,2025-08-25 07:00:00,1.1706,3.5499999999995446,9.65,1.16626,1.16062,1.17118,1.15973,2025-08-22 17:00:00,1,877.0000000000981,965.485900000003,1.15973,1.17118,,EURUSD
P56,EURUSD,LONG,2025-08-26 14:35:00,2025-08-27 05:20:00,1.16505,1.16176,1.16176,1.16176,1.17089,2.82,-927.780000000004,-1.0,stop,4H,BMS,5m,1.81,1H buy-side liquidity 1.17089 (x1),2025-08-24 23:40:00,2025-08-26 14:30:00,1.16495,1.7750759878419575,2.9,1.16626,1.16062,1.17118,1.15973,2025-08-22 17:00:00,1,927.780000000004,956.715900000002,1.15973,1.17118,,EURUSD
P57,EURUSD,LONG,2025-08-28 13:05:00,2025-09-02 08:30:00,1.16718,1.16718,1.1648,1.16718,1.17428,3.82,0.0,0.0,breakeven,1W,BMS,4H,3.96,1D buy-side liquidity 1.17428 (x1),2025-07-07 17:45:00,2025-08-28 09:00:00,1.16663,2.9831932773111864,4.9,1.15734,1.16148,1.1708,1.14536,2025-06-29 21:00:00,1,909.1599999999336,947.438100000002,1.14536,1.1708,,EURUSD
P58,EURUSD,LONG,2025-09-02 12:05:00,2025-09-03 08:20:00,1.16381,1.16105,1.16105,1.16105,1.17064,3.31,-913.5600000000316,-1.0,stop,4H,BMS,5m,2.51,1H buy-side liquidity 1.17064 (x1),2025-08-28 13:30:00,2025-09-02 12:00:00,1.16371,2.474637681159295,3.43,1.16652,1.16122,1.16314,1.16105,2025-08-28 09:00:00,1,913.5600000000316,947.438100000002,1.16105,1.16652,,EURUSD
P59,EURUSD,LONG,2025-09-03 11:30:00,2025-09-04 13:35:00,1.16487,1.16354,1.16354,1.16354,1.16825,6.56,-872.480000000035,-1.0,stop,1H,BS,15m,2.62,1H buy-side liquidity 1.16825 (x1),2025-09-03 11:10:00,2025-09-03 11:15:00,1.16477,2.5413533834584987,7.05,1.16438,1.1636,1.16518,1.16354,2025-09-03 10:00:00,1,872.480000000035,938.3025000000016,1.16354,1.16518,,EURUSD
P60,EURUSD,LONG,2025-09-05 13:05:00,2025-09-05 13:30:00,1.16948,1.17365,1.16814,1.16814,1.17365,6.45,2689.6500000000046,3.111940298507192,take_profit,1W,BMS,4H,7.5,1D buy-side liquidity 1.17365 (x1),2025-07-07 17:45:00,2025-09-05 09:00:00,1.1687,3.111940298507192,14.08,1.15734,1.16148,1.1708,1.14536,2025-06-29 21:00:00,1,864.3000000000767,929.5777000000012,1.14536,1.1708,,EURUSD
P61,EURUSD,LONG,2025-09-19 08:20:00,2025-09-19 09:05:00,1.17762,1.17572,1.17572,1.17572,1.17937,4.78,-908.1999999999,-1.0,stop,4H,BMS,5m,0.97,1H buy-side liquidity 1.17937 (x3),2025-09-18 14:30:00,2025-09-19 08:15:00,1.17752,0.9210526315791226,5.03,1.17799,1.17686,1.17735,1.17572,2025-09-16 05:00:00,1,908.1999999999,956.4742000000016,1.17572,1.17799,,EURUSD
P62,EURUSD,LONG,2025-12-04 14:15:00,2025-12-04 16:30:00,1.16699,1.16553,1.16553,1.16553,1.16819,6.07,-886.2200000000103,-1.0,stop,1H,BMS,5m,0.89,1H buy-side liquidity 1.16819 (x1),2025-12-04 09:00:00,2025-12-04 14:10:00,1.16689,0.8219178082192302,6.48,1.16752,1.16597,1.16632,1.16553,2025-12-04 08:00:00,1,886.2200000000103,947.3922000000024,1.16553,1.16752,,EURUSD
P63,EURUSD,LONG,2025-12-09 12:55:00,2025-12-09 15:00:00,1.16402,1.162,1.162,1.162,1.16573,4.42,-892.8400000000587,-1.0,stop,4H,BMS,5m,0.9,1H buy-side liquidity 1.16573 (x2),2025-12-04 13:30:00,2025-12-09 12:50:00,1.16392,0.8465346534652306,4.64,1.16522,1.16258,1.16353,1.16204,2025-12-03 10:00:00,1,892.8400000000587,938.5300000000024,1.16204,1.16522,,EURUSD
P64,EURUSD,SHORT,2026-01-08 15:30:00,2026-01-08 16:10:00,1.16701,1.16592,1.16777,1.16777,1.16592,10.8,1177.2000000000382,1.4342105263160778,take_profit,1H,BS,15m,1.27,1D sell-side liquidity 1.16592 (x1),2026-01-08 15:10:00,2026-01-08 15:15:00,1.16701,1.4342105263160778,10.8,1.16687,1.16664,1.16697,1.16777,2026-01-08 14:00:00,1,820.7999999998616,929.6016000000018,1.16664,1.16777,,EURUSD
P65,EURUSD,LONG,2026-01-28 09:35:00,2026-01-28 11:15:00,1.19907,1.19716,1.19716,1.19716,1.20822,4.68,-893.8800000000366,-1.0,stop,1H,BMS,5m,4.84,1H buy-side liquidity 1.20822 (x1),2026-01-27 23:20:00,2026-01-28 09:30:00,1.19897,4.790575916230166,4.92,1.199,1.19807,1.20229,1.19716,2026-01-27 21:00:00,1,893.8800000000366,941.3736000000022,1.19716,1.20229,,EURUSD
P66,EURUSD,SHORT,2026-02-20 15:50:00,2026-02-22 23:10:00,1.17846,1.18031,1.18031,1.18031,1.17418,4.78,-884.2999999999557,-1.0,stop,1H,BMS,5m,2.19,1H sell-side liquidity 1.17418 (x2),2026-02-20 13:30:00,2026-02-20 15:45:00,1.17846,2.313513513513662,4.78,1.17818,1.17903,1.17986,1.18031,2026-02-19 11:00:00,1,884.2999999999557,932.4348000000018,1.17818,1.18031,,EURUSD
P67,EURUSD,SHORT,2026-03-16 14:35:00,2026-03-16 18:05:00,1.14881,1.15065,1.15065,1.15065,1.14686,4.76,-875.8399999999247,-1.0,stop,4H,BMS,5m,1.01,1M sell-side liquidity 1.14686 (x1),2026-03-15 22:00:00,2026-03-16 14:30:00,1.14881,1.0597826086958075,4.76,1.14328,1.14884,1.14999,1.15065,2026-03-13 17:00:00,1,875.8399999999247,923.5918000000024,1.14328,1.15065,,EURUSD
P68,EURUSD,LONG,2026-04-14 13:15:00,2026-04-15 03:30:00,1.17975,1.17818,1.17818,1.17818,1.18288,5.47,-858.790000000039,-1.0,stop,1H,BS,5m,2.06,4H buy-side liquidity 1.18288 (x2),2026-04-14 13:00:00,2026-04-14 13:10:00,1.17965,1.993630573248225,5.82,1.17966,1.17844,1.17881,1.17818,2026-04-14 12:00:00,1,858.790000000039,914.833400000003,1.17818,1.17966,,EURUSD
P69,EURUSD,SHORT,2026-06-02 07:05:00,2026-06-02 07:25:00,1.16382,1.16505,1.16505,1.16505,1.16067,6.81,-837.6299999998926,-1.0,stop,4H,BS,1H,2.09,4H sell-side liquidity 1.16067 (x1),2026-06-02 05:55:00,2026-06-02 06:00:00,1.1637,2.5609756097564147,6.24,1.16415,1.16379,1.16415,1.16505,2026-06-01 17:00:00,1,837.6299999998926,906.2455000000026,1.16379,1.16505,,EURUSD
P70,EURUSD,SHORT,2026-06-25 13:35:00,2026-06-25 13:40:00,1.13512,1.13618,1.13618,1.13618,1.13245,7.74,-820.4400000000471,-1.0,stop,1H,BS,5m,2.3,1H sell-side liquidity 1.13245 (x1),2026-06-25 13:30:00,2026-06-25 13:30:00,1.13512,2.5188679245281103,7.74,1.13474,1.13458,1.13614,1.13618,2026-06-25 12:00:00,1,820.4400000000471,897.8692000000037,1.13458,1.13618,,EURUSD
P71,EURUSD,LONG,2026-07-29 07:45:00,2026-07-29 07:45:00,1.13953,1.13902,1.13902,1.13902,1.14052,14.58,-743.5800000000153,-1.0,stop,1H,BS,15m,2.14,1H buy-side liquidity 1.14052 (x1),2026-07-29 07:20:00,2026-07-29 07:30:00,1.13943,1.9411764705882864,17.44,1.13923,1.13924,1.13943,1.13902,2026-07-29 04:00:00,1,743.5800000000153,889.6648000000033,1.13902,1.13943,,EURUSD
P72,EURUSD,LONG,2026-08-03 07:00:00,2026-08-03 07:45:00,1.1538,1.15238,1.15238,1.15238,1.15587,5.8,-823.5999999999865,-1.0,stop,1H,BMS,5m,1.53,1H buy-side liquidity 1.15587 (x1),2026-08-03 00:20:00,2026-08-03 06:55:00,1.1537,1.4577464788732746,6.21,1.15374,1.1536,1.15429,1.15238,2026-08-02 22:00:00,1,823.5999999999865,882.2290000000031,1.15238,1.15429,,EURUSD
P73,EURUSD,LONG,2026-08-03 08:35:00,2026-08-03 15:40:00,1.15328,1.15122,1.15122,1.15122,1.15587,4.04,-832.2400000000698,-1.0,stop,4H,BMS,5m,1.31,1H buy-side liquidity 1.15587 (x1),2026-08-03 01:00:00,2026-08-03 08:30:00,1.15318,1.2572815533978898,4.24,1.15369,1.15186,1.15238,1.15122,2026-08-02 21:00:00,1,832.2400000000698,873.9930000000032,1.15122,1.15369,,EURUSD
P74,EURUSD,SHORT,2026-09-11 08:05:00,2026-09-11 09:55:00,1.16079,1.15997,1.16126,1.16126,1.15997,15.18,1244.760000000065,1.7446808510640308,take_profit,4H,BMS,5m,1.44,1H sell-side liquidity 1.15997 (x1),2026-08-31 08:40:00,2026-09-11 08:00:00,1.16079,1.7446808510640308,15.18,1.16364,1.1598,1.16392,1.16589,2026-08-28 17:00:00,1,713.4599999999551,865.6706000000027,1.1598,1.16589,,EURUSD
P75,EURUSD,SHORT,2026-09-24 13:25:00,2026-09-24 17:15:00,1.13706,1.13819,1.13819,1.13819,1.13532,7.13,-805.6900000000537,-1.0,stop,1H,BS,15m,0.9,1D sell-side liquidity 1.13532 (x1),2026-09-24 13:00:00,2026-09-24 13:00:00,1.13673,1.5398230088493243,5.62,1.13686,1.13756,1.13794,1.13819,2026-09-24 12:00:00,1,805.6900000000537,878.1182000000033,1.13686,1.13819,,EURUSD
