id,symbol,direction,opened_at,closed_at,entry,exit,stop,final_stop,take_profit,lots,pnl,r,reason,poi_tf,confirmation,confirmation_tf,planned_rr,tp_source,touched_at,confirmed_at,entry_planned,rr_at_fill,lots_planned,poi_x,poi_b_low,poi_b_high,poi_p,poi_formed,visit,risk_amount,risk_budget,poi_low,poi_high,kronos
P1,EURUSD,SHORT,2025-05-16 11:00:00,2025-05-16 15:35:00,1.11944,1.117,1.1213,1.1213,1.117,5.1,1244.3999999999987,1.3118279569892652,take_profit,4H,BMS,5m,1.24,1H sell-side liquidity 1.11700 (x1),2025-05-15 01:00:00,2025-05-16 10:55:00,1.11944,1.3118279569892652,5.1,1.11798,1.1188,1.11973,1.1213,2025-05-14 21:00:00,1,948.599999999986,1000.0,1.11798,1.1213,
P2,EURUSD,LONG,2025-05-27 07:05:00,2025-05-27 07:50:00,1.13853,1.13743,1.13743,1.13743,1.14071,8.43,-927.300000000085,-1.0,stop,1H,BMS,5m,2.07,1H buy-side liquidity 1.14071 (x1),2025-05-26 09:20:00,2025-05-27 07:00:00,1.13843,1.9818181818178626,9.2,1.13754,1.13816,1.13878,1.13743,2025-05-26 02:00:00,1,927.300000000085,1012.444,1.13743,1.13878,
P3,EURUSD,LONG,2025-05-28 07:00:00,2025-05-29 00:10:00,1.13157,1.1279,1.1279,1.1279,1.13454,2.66,-976.2200000000165,-1.0,stop,1D,BMS,15m,0.84,1H buy-side liquidity 1.13454 (x1),2025-05-26 22:00:00,2025-05-28 06:45:00,1.13147,0.809264305177136,2.73,1.13813,1.1345,1.13624,1.1279,2025-05-25 21:00:00,1,976.2200000000165,1003.170999999999,1.1279,1.13813,
P4,EURUSD,LONG,2025-06-03 07:20:00,2025-06-03 08:30:00,1.14285,1.14189,1.14189,1.14189,1.14544,9.37,-899.5199999998594,-1.0,stop,1H,BMS,5m,2.8,1H buy-side liquidity 1.14544 (x1),2025-06-02 22:00:00,2025-06-03 07:15:00,1.14275,2.6979166666671848,10.34,1.14368,1.14257,1.14335,1.14189,2025-06-02 20:00:00,1,899.5199999998594,993.4087999999989,1.14189,1.14368,
P5,EURUSD,LONG,2025-06-04 07:30:00,2025-06-04 08:25:00,1.13735,1.13931,1.13596,1.13596,1.13931,6.6,1293.599999999975,1.4100719424460133,take_profit,4H,BMS,5m,1.48,1H buy-side liquidity 1.13931 (x1),2025-06-02 14:25:00,2025-06-04 07:25:00,1.13725,1.4100719424460133,7.08,1.13669,1.13819,1.14092,1.13596,2025-06-02 09:00:00,1,917.4000000000015,984.4136000000003,1.13596,1.14092,
P6,EURUSD,LONG,2025-06-05 07:15:00,2025-06-05 13:15:00,1.14179,1.14347,1.14004,1.14004,1.14347,5.39,905.5199999999481,0.9599999999998681,take_profit,1H,BMS,5m,1.02,1H buy-side liquidity 1.14347 (x1),2025-06-04 17:00:00,2025-06-05 07:10:00,1.14169,0.9599999999998681,5.69,1.14322,1.14134,1.14168,1.14004,2025-06-04 16:00:00,1,943.2500000000756,997.3496,1.14004,1.14322,
P7,EURUSD,LONG,2025-06-06 07:50:00,2025-06-06 09:45:00,1.14399,1.14181,1.14181,1.14181,1.14572,4.41,-961.3800000000313,-1.0,stop,1H,BMS,5m,0.84,1H buy-side liquidity 1.14572 (x1),2025-06-05 16:00:00,2025-06-06 07:45:00,1.14389,0.7935779816513546,4.61,1.14347,1.14485,1.14542,1.14181,2025-06-05 15:00:00,1,961.3800000000313,1006.4047999999996,1.14181,1.14542,
P8,EURUSD,LONG,2025-06-10 11:10:00,2025-06-10 13:00:00,1.14127,1.14355,1.13912,1.13912,1.14355,4.43,1010.0400000000263,1.0604651162790502,take_profit,1H,BS,5m,1.11,1H buy-side liquidity 1.14355 (x1),2025-06-10 11:05:00,2025-06-10 11:05:00,1.14117,1.0604651162790502,4.63,1.14146,1.13996,1.14035,1.13912,2025-06-10 10:00:00,1,952.4500000000427,996.7909999999991,1.13912,1.14146,
P9,EURUSD,LONG,2025-06-13 07:05:00,2025-06-13 10:40:00,1.15391,1.1523,1.1523,1.1523,1.15734,5.88,-946.6799999999348,-1.0,stop,4H,BMS,5m,2.19,1W buy-side liquidity 1.15734 (x1),2025-06-12 17:45:00,2025-06-13 07:00:00,1.15381,2.1304347826088694,6.25,1.1547,1.15326,1.15673,1.1523,2025-06-12 13:00:00,1,946.6799999999348,1006.8913999999994,1.1523,1.15673,
P10,EURUSD,LONG,2025-06-23 08:15:00,2025-06-23 08:15:00,1.15018,1.14905,1.14905,1.14905,1.15439,8.1,-915.300000000061,-1.0,stop,1H,BS,15m,3.81,1H buy-side liquidity 1.15439 (x1),2025-06-23 08:00:00,2025-06-23 08:00:00,1.15008,3.725663716813952,8.82,1.15073,1.14963,1.15034,1.14905,2025-06-23 07:00:00,1,915.300000000061,997.4246,1.14905,1.15073,
P11,EURUSD,LONG,2025-06-26 13:30:00,2025-06-27 13:55:00,1.17076,1.17449,1.16716,1.16716,1.17449,2.67,995.910000000003,1.0361111111111005,take_profit,1H,BMS,5m,1.06,1H buy-side liquidity 1.17449 (x1),2025-06-26 10:15:00,2025-06-26 13:25:00,1.17066,1.0361111111111005,2.74,1.17174,1.16859,1.16913,1.16716,2025-06-26 09:00:00,1,961.2000000000128,988.2715999999995,1.16716,1.17174,
P12,EURUSD,LONG,2025-06-30 14:15:00,2025-06-30 16:15:00,1.17181,1.17539,1.16716,1.16716,1.17539,2.1,751.7999999999824,0.7698924731182545,take_profit,1H,BMS,5m,0.79,1H buy-side liquidity 1.17539 (x2),2025-06-26 10:15:00,2025-06-30 14:10:00,1.17171,0.7698924731182545,2.14,1.17174,1.16859,1.16913,1.16716,2025-06-26 09:00:00,1,976.500000000009,998.2306999999995,1.16716,1.17174,
P13,EURUSD,LONG,2025-07-04 07:05:00,2025-07-04 08:30:00,1.1777199999999999,1.17693,1.17693,1.17693,1.181,11.3,-892.6999999998264,-1.0,stop,1H,BS,5m,4.28,1H buy-side liquidity 1.18100 (x2),2025-07-04 07:00:00,2025-07-04 07:00:00,1.17762,4.15189873417824,12.73,1.17712,1.17725,1.17797,1.17693,2025-07-04 06:00:00,1,892.6999999998264,1005.7486999999994,1.17693,1.17797,
P14,EURUSD,LONG,2025-07-07 12:50:00,2025-07-07 17:45:00,1.17339,1.17075,1.17075,1.17075,1.17901,3.63,-958.3199999999911,-1.0,stop,4H,BMS,5m,2.17,1H buy-side liquidity 1.17901 (x1),2025-07-02 12:45:00,2025-07-07 12:45:00,1.17329,2.1287878787878824,3.77,1.17539,1.17328,1.17488,1.17075,2025-06-30 17:00:00,1,958.3199999999911,996.8217000000011,1.17075,1.17539,
P15,EURUSD,LONG,2025-07-08 07:55:00,2025-07-08 14:20:00,1.17425,1.17088,1.17088,1.17088,1.17901,2.84,-957.0800000000269,-1.0,stop,4H,BMS,5m,1.44,1H buy-side liquidity 1.17901 (x1),2025-07-02 12:45:00,2025-07-08 07:50:00,1.17415,1.4124629080117925,2.92,1.17539,1.17328,1.17488,1.17075,2025-06-30 17:00:00,1,957.0800000000269,987.2385000000012,1.17075,1.17539,
P16,EURUSD,LONG,2025-07-23 12:45:00,2025-07-23 14:35:00,1.17314,1.17144,1.17144,1.17144,1.17559,5.43,-923.1000000000188,-1.0,stop,1H,BMS,5m,1.5,1H buy-side liquidity 1.17559 (x2),2025-07-22 18:30:00,2025-07-23 12:40:00,1.17304,1.4411764705881123,5.75,1.17433,1.17265,1.17446,1.17144,2025-07-22 17:00:00,1,923.1000000000188,977.6677000000009,1.17144,1.17446,
P17,EURUSD,LONG,2025-07-24 14:25:00,2025-07-24 15:00:00,1.17621,1.178,1.17429,1.17429,1.178,4.79,857.40999999998,0.932291666666683,take_profit,4H,BMS,5m,0.98,1H buy-side liquidity 1.17800 (x1),2025-07-24 01:30:00,2025-07-24 14:20:00,1.17611,0.932291666666683,5.04,1.17607,1.17579,1.17662,1.17429,2025-07-23 21:00:00,1,919.6799999999625,968.4367000000007,1.17429,1.17662,
P18,EURUSD,LONG,2025-07-25 13:20:00,2025-07-27 22:30:00,1.17259,1.17609,1.16788,1.16788,1.17609,2.03,710.5000000000117,0.7430997876857887,take_profit,4H,BMS,5m,0.76,1H buy-side liquidity 1.17609 (x1),2025-07-23 00:30:00,2025-07-25 13:15:00,1.17249,0.7430997876857887,2.07,1.17166,1.17092,1.17417,1.16788,2025-07-22 17:00:00,1,956.1299999999982,977.0108000000005,1.16788,1.17417,
P19,EURUSD,LONG,2025-08-07 13:00:00,2025-08-22 05:25:00,1.16455,1.15841,1.15841,1.15841,1.18299,1.57,-963.9800000000054,-1.0,stop,1W,BMS,1D,2.2,1W buy-side liquidity 1.18299 (x1),2025-07-07 17:45:00,2025-08-05 21:00:00,1.16602,3.0032573289902134,1.27,1.15734,1.16148,1.1708,1.14536,2025-06-29 21:00:00,1,963.9800000000054,984.1158000000006,1.14536,1.1708,
P20,EURUSD,LONG,2025-08-25 07:05:00,2025-08-25 08:55:00,1.1707,1.1697,1.1697,1.1697,1.17425,8.85,-885.000000000099,-1.0,stop,4H,BMS,5m,3.65,1H buy-side liquidity 1.17425 (x1),2025-08-24 23:40:00,2025-08-25 07:00:00,1.1706,3.5499999999995446,9.74,1.16626,1.16062,1.17118,1.15973,2025-08-22 17:00:00,1,885.000000000099,974.4760000000005,1.15973,1.17118,
P21,EURUSD,LONG,2025-08-26 14:35:00,2025-08-27 05:20:00,1.16505,1.16176,1.16176,1.16176,1.17089,2.84,-934.3600000000041,-1.0,stop,4H,BMS,5m,1.81,1H buy-side liquidity 1.17089 (x1),2025-08-24 23:40:00,2025-08-26 14:30:00,1.16495,1.7750759878419575,2.93,1.16626,1.16062,1.17118,1.15973,2025-08-22 17:00:00,1,934.3600000000041,965.6259999999995,1.15973,1.17118,
P22,EURUSD,LONG,2025-08-28 13:05:00,2025-09-02 08:30:00,1.1671799999999999,1.1671799999999999,1.1648,1.1671799999999999,1.17428,3.85,0.0,0.0,breakeven,1W,BMS,4H,3.96,1D buy-side liquidity 1.17428 (x1),2025-07-07 17:45:00,2025-08-28 09:00:00,1.16663,2.9831932773111864,4.95,1.15734,1.16148,1.1708,1.14536,2025-06-29 21:00:00,1,916.2999999999332,956.2823999999995,1.14536,1.1708,
P23,EURUSD,LONG,2025-09-02 12:05:00,2025-09-03 08:20:00,1.16381,1.16105,1.16105,1.16105,1.17064,3.34,-921.8400000000319,-1.0,stop,4H,BMS,5m,2.51,1H buy-side liquidity 1.17064 (x1),2025-08-28 13:30:00,2025-09-02 12:00:00,1.16371,2.474637681159295,3.46,1.16652,1.16122,1.16314,1.16105,2025-08-28 09:00:00,1,921.8400000000319,956.2823999999995,1.16105,1.16652,
P24,EURUSD,LONG,2025-09-03 11:30:00,2025-09-04 13:35:00,1.16487,1.16354,1.16354,1.16354,1.16825,6.62,-880.4600000000354,-1.0,stop,1H,BS,15m,2.62,1H buy-side liquidity 1.16825 (x1),2025-09-03 11:10:00,2025-09-03 11:15:00,1.16477,2.5413533834584987,7.12,1.16438,1.1636,1.16518,1.16354,2025-09-03 10:00:00,1,880.4600000000354,947.0639999999992,1.16354,1.16518,
P25,EURUSD,LONG,2025-09-05 13:05:00,2025-09-05 13:30:00,1.16948,1.17365,1.16814,1.16814,1.17365,6.51,2714.670000000004,3.111940298507192,take_profit,1W,BMS,4H,7.5,1D buy-side liquidity 1.17365 (x1),2025-07-07 17:45:00,2025-09-05 09:00:00,1.1687,3.111940298507192,14.21,1.15734,1.16148,1.1708,1.14536,2025-06-29 21:00:00,1,872.3400000000773,938.2593999999989,1.14536,1.1708,
P26,EURUSD,LONG,2025-09-19 08:20:00,2025-09-19 09:05:00,1.17762,1.17572,1.17572,1.17572,1.17937,4.82,-915.7999999998992,-1.0,stop,4H,BMS,5m,0.97,1H buy-side liquidity 1.17937 (x3),2025-09-18 14:30:00,2025-09-19 08:15:00,1.17752,0.9210526315791226,5.08,1.17799,1.17686,1.17735,1.17572,2025-09-16 05:00:00,1,915.7999999998992,965.4060999999988,1.17572,1.17799,
