timestamp,open,high,low,close,volume
2017-08-01,4261.48,4745.42,3400.0,4724.89,10015.640272
2017-09-01,4689.89,4939.19,2817.0,4378.51,27634.18912
2017-10-01,4378.49,6498.01,4110.0,6463.0,41626.388463
2017-11-01,6463.0,11300.03,5325.01,9838.96,108487.978119
2017-12-01,9837.0,19798.68,9380.0,13716.36,408432.578917
2018-01-01,13715.65,17176.24,9035.0,10285.1,816675.564467
2018-02-01,10285.1,11786.01,6000.01,10326.76,1243938.327695
2018-03-01,10325.64,11710.0,6600.1,6923.91,1235148.956367
2018-04-01,6922.0,9759.82,6430.0,9246.01,1110963.167755
2018-05-01,9246.01,10020.0,7032.95,7485.01,914473.537546
2018-06-01,7485.01,7786.69,5750.0,6390.07,942242.544953
2018-07-01,6391.08,8491.77,6070.0,7730.93,1102510.436786
2018-08-01,7735.67,7750.0,5880.0,7011.21,1408159.816556
2018-09-01,7011.21,7410.0,6111.0,6626.57,1100573.782678
2018-10-01,6626.57,7680.0,6205.0,6371.93,629916.320853
2018-11-01,6369.52,6615.15,3652.66,4041.32,1210365.449617
2018-12-01,4041.27,4312.99,3156.26,3702.9,1591229.147171
2019-01-01,3701.23,4069.8,3349.92,3434.1,908244.14054
2019-02-01,3434.1,4198.0,3373.1,3813.69,861783.986727
2019-03-01,3814.26,4140.0,3670.69,4103.95,787190.48925
2019-04-01,4102.44,5600.0,4067.0,5320.81,1126961.315101
2019-05-01,5321.94,9074.26,5316.2,8555.0,1498409.89023
2019-06-01,8555.0,13970.0,7444.58,10854.1,1689489.647326
2019-07-01,10854.1,13147.08,9060.0,10080.53,1886176.065915
2019-08-01,10080.53,12330.7,9320.0,9587.47,1201960.943398
2019-09-01,9588.74,10905.87,7710.0,8289.34,1116856.475836
2019-10-01,8289.97,10370.0,7300.0,9140.85,1446755.854716
2019-11-01,9140.86,9513.68,6515.0,7541.89,1499118.774995
2019-12-01,7540.63,7750.0,6435.0,7195.23,1307026.4679400001
2020-01-01,7195.24,9578.0,6871.04,9352.89,1691323.137782
2020-02-01,9351.71,10500.0,8445.0,8523.61,1609726.154564
2020-03-01,8523.61,9188.0,3782.13,6410.44,3789768.9117489997
2020-04-01,6412.14,9460.0,6150.11,8620.0,2528356.357416
2020-05-01,8620.0,10067.0,8117.0,9448.27,2685340.078508
2020-06-01,9448.27,10380.0,8833.0,9138.55,1504745.375051
2020-07-01,9138.08,11444.0,8893.03,11335.46,1507827.21494
2020-08-01,11335.46,12468.0,10518.5,11649.51,1891193.007128
2020-09-01,11649.51,12050.85,9825.0,10776.59,1730389.1601789999
2020-10-01,10776.59,14100.0,10374.0,13791.0,1592619.954492
2020-11-01,13791.0,19863.16,13195.05,19695.87,2707064.911165
2020-12-01,19695.87,29300.0,17572.33,28923.63,2494426.747399
2021-01-01,28923.63,41950.0,28130.0,33092.98,3438840.151675
2021-02-01,33092.97,58352.8,32296.16,45135.66,2518231.02043
2021-03-01,45134.11,61844.0,44950.53,58740.55,2098808.027432
2021-04-01,58739.46,64854.0,46930.0,57694.27,1987195.466856
2021-05-01,57697.25,59500.0,30000.0,37253.81,3536245.256573
2021-06-01,37253.82,41330.0,28805.0,35045.0,2901775.305923
2021-07-01,35045.0,42448.0,29278.0,41461.83,1778463.264837
2021-08-01,41461.84,50500.0,37332.7,47100.89,1635402.874245
2021-09-01,47100.89,52920.0,39600.0,43824.1,1527799.510768
2021-10-01,43820.01,67000.0,43283.03,61299.8,1565546.665203
2021-11-01,61299.81,69000.0,53256.64,56950.56,1291900.100378
2021-12-01,56950.56,59053.55,42000.3,46216.93,1233731.331848
2022-01-01,46216.93,47990.0,32917.17,38466.9,1279407.465721
2022-02-01,38466.9,45821.0,34322.28,43160.0,1253510.68956
2022-03-01,43160.0,48189.84,37155.0,45510.34,1501311.32177
2022-04-01,45510.35,47444.11,37578.2,37630.8,1267653.56265
2022-05-01,37630.8,40023.77,26700.0,31801.04,2387839.6808040002
2022-06-01,31801.05,31982.97,17622.0,19942.21,2816058.473226
2022-07-01,19942.21,24668.0,18781.0,23293.32,4983278.5881
2022-08-01,23296.36,25211.32,19520.0,20050.02,5692462.41571
2022-09-01,20048.44,22799.0,18125.98,19422.61,9838930.5097
2022-10-01,19422.61,21085.0,18190.0,20490.74,7499121.81542
2022-11-01,20490.74,21480.65,15476.0,17163.64,9127693.509065
2022-12-01,17165.53,18387.95,16256.3,16542.4,5803833.88187
2023-01-01,16541.77,23960.54,16499.01,23125.13,7977028.8715
2023-02-01,23125.13,25250.0,21351.07,23141.57,8642691.25729
2023-03-01,23141.57,29184.68,19549.09,28465.36,9516189.35846
2023-04-01,28465.36,31000.0,26942.82,29233.21,1626745.5585
2023-05-01,29233.2,29820.0,25811.46,27210.35,1302000.49221
2023-06-01,27210.36,31431.94,24800.0,30472.0,1387207.48275
2023-07-01,30471.99,31804.2,28861.9,29232.25,925773.81731
2023-08-01,29232.26,30244.0,25166.0,25940.78,1025866.55023
2023-09-01,25940.77,27483.57,24901.0,26962.56,809329.04893
2023-10-01,26962.57,35280.0,26538.66,34639.77,1141403.6799
2023-11-01,34639.78,38450.0,34097.39,37723.96,1055690.59638
2023-12-01,37723.97,44700.0,37615.86,42283.58,1195409.976
2024-01-01,42283.58,48969.48,38555.0,42580.0,1403408.84978
2024-02-01,42580.0,64000.0,41884.28,61130.98,1206112.69545
2024-03-01,61130.99,73777.0,59005.0,71280.01,1706807.381342
2024-04-01,71280.0,72797.99,59191.6,60672.0,1201500.9585199999
2024-05-01,60672.01,71979.0,56552.82,67540.01,945031.04072
2024-06-01,67540.01,71997.02,58402.0,62772.01,696818.1881799999
2024-07-01,62772.01,70079.99,53485.93,64628.0,908004.33426
2024-08-01,64628.01,65659.78,49000.0,58973.99,1010291.47396
2024-09-01,58974.0,66498.0,52550.0,63327.59,734117.07575
2024-10-01,63327.6,73620.12,58946.0,70292.01,756010.86343
2024-11-01,70292.01,99588.01,66835.0,96407.99,1343559.242196
2024-12-01,96407.99,108353.0,90500.0,93576.0,1019450.065773
2025-01-01,93576.0,109588.0,89256.69,102429.56,864534.738322
2025-02-01,102429.56,102783.71,78258.52,84349.94,810850.1813
2025-03-01,84349.95,95000.0,76606.0,82550.01,845293.64963
2025-04-01,82550.0,95758.04,74508.0,94172.0,793597.00179
2025-05-01,94172.0,111980.0,93377.0,104591.88,642216.546125
2025-06-01,104591.88,110530.17,98200.0,107146.5,427546.46336
2025-07-01,107146.51,123218.0,105100.19,115764.08,484315.651017
2025-08-01,115764.07,124474.0,107350.1,108246.35,471366.942936
2025-09-01,108246.36,117900.0,107255.0,114048.93,374551.99407
2025-10-01,114048.94,126199.63,102000.0,109608.01,720301.126946
2025-11-01,109608.01,111250.01,80600.0,90360.0,784853.66178
2025-12-01,90360.01,94588.99,83822.76,87648.22,491084.34878
2026-01-01,87648.21,97924.49,75719.9,78741.09,491752.73296
2026-02-01,78741.1,79424.0,60000.0,66973.26,837890.46854
2026-03-01,66973.26,76000.0,65000.0,68284.48,705639.88404
2026-04-01,68284.49,79485.66,65712.12,76346.57,473256.46982
2026-05-01,76346.58,82850.0,72512.49,73674.39,425331.03039
2026-06-01,73674.39,74092.0,58115.01,58624.71,632661.43583
2026-07-01,58624.71,66956.15,57800.19,62887.88,496528.30804
2026-08-01,62887.88,81478.87,62275.0,78581.29,472053.26866
2026-09-01,78581.3,87395.67,74967.97,83623.6,469465.12983
2026-10-01,83623.59,84368.0,83410.39,84316.01,2403.6865
